CID,IDSURVEY,zHD,zHEL,MU,MUERR
Gaia16agf,150,0.02509,0.02507,35.25995,0.1773
2003it,63,0.0251,0.02528,35.08017,0.1641
2007cq,64,0.0251,0.02604,34.98002,0.1331
AT2017cfc,150,0.02512,0.02403,35.13565,0.1211
2007sw,65,0.02517,0.02428,35.21658,0.1559
2002he,63,0.02519,0.02441,35.23294,0.1246
ASASSN-16bq,150,0.02534,0.02493,35.34029,0.1135
PS15ahs,150,0.02534,0.02551,35.30465,0.1105
PSNJ0153424,150,0.02556,0.02565,35.26944,0.1516
SN2017hn,150,0.02557,0.02385,35.20203,0.122
SN2017ms,150,0.02591,0.02448,35.33251,0.1146
2005M,64,0.02598,0.02484,35.16595,0.1391
SN2017mf,150,0.02598,0.02561,35.36794,0.1168
2005ms,64,0.02669,0.02522,35.48988,0.1058
ASASSN-15mf,150,0.02695,0.02604,35.3286,0.1032
ASASSN-17at,150,0.02713,0.02537,35.38339,0.1156
2007co,64,0.02731,0.02696,35.4217,0.145
2007su,65,0.0274,0.02783,35.4032,0.2219
ASASSN-15fa,150,0.02741,0.02734,35.58097,0.1446
2005na,64,0.02748,0.02665,35.27905,0.0994
2005eq,64,0.02823,0.02893,35.63531,0.1201
2003U,63,0.02833,0.0281,35.33929,0.1479
2009ad,65,0.02844,0.0284,35.46983,0.097
2008ar,65,0.02849,0.02617,35.45147,0.0994
AT2017ns,150,0.02849,0.02877,35.47203,0.1756
2004gs,5,0.02857,0.0274,35.54768,0.167
SN2017ckx,150,0.02858,0.02716,35.56905,0.137
2007is,65,0.02866,0.02953,35.58174,0.1241
2006qo,64,0.02898,0.02837,35.52838,0.1771
ASASSN-15la,150,0.02902,0.02782,35.17845,0.1357
PS16cvc,150,0.02915,0.02954,35.81677,0.1046
2003ch,63,0.02919,0.02833,35.74741,0.1139
ASASSN-16ay,150,0.02938,0.02834,35.70388,0.1707
PSNJ0859349,150,0.02938,0.02812,35.55198,0.1347
ASASSN-16fs,150,0.02944,0.0292,35.4407,0.1101
ASASSN-16aj,150,0.02953,0.03075,35.53344,0.1119
ASASSN-16br,150,0.02956,0.02852,35.56537,0.1169
AT2017zd,150,0.02969,0.02947,35.385,0.1163
ATLAS17ajn,150,0.02978,0.02871,35.71706,0.1251
Gaia16bba,150,0.0299,0.03046,35.52993,0.1114
2004ef,64,0.03012,0.03101,35.5473,0.1369
ASASSN-15nq,150,0.03023,0.03036,35.69492,0.0921
AT2017lm,150,0.03031,0.03064,35.62306,0.1336
ASASSN-16fo,150,0.03036,0.0289,35.61376,0.0907
AT2016cyt,150,0.03059,0.03074,35.5107,0.0997
2006is,64,0.03071,0.0314,35.72373,0.1121
ASASSN-16hr,150,0.03083,0.03086,35.60979,0.1733
PS15cwx,150,0.03086,0.03007,35.56461,0.1015
AT2017wb,150,0.03117,0.03065,35.58907,0.1813
2007bd,64,0.0312,0.03044,35.70509,0.1008
2002hd,63,0.03134,0.03049,36.00315,0.1791
ASASSN-15hg,150,0.03143,0.02992,35.8135,0.1302
ATLAS17axb,150,0.03143,0.03165,35.73926,0.1037
CSS160428,150,0.03148,0.03029,35.77221,0.1108
2007R,64,0.03174,0.03081,35.84381,0.1068
ASASSN-16oz,150,0.03192,0.031,35.54453,0.1158
2006az,64,0.03201,0.03103,35.60595,0.0962
2007ob,65,0.03243,0.03389,35.74894,0.1845
AT2017po,150,0.03255,0.03182,35.72144,0.1105
2007ux,65,0.03264,0.0307,35.67592,0.1568
ASASSN-15pr,150,0.03264,0.03309,36.05743,0.1301
2004gc,5,0.03267,0.03192,35.53403,0.1497
2008gl,65,0.03272,0.03354,35.80144,0.096
SN2016hpx,150,0.03282,0.03338,35.73067,0.119
SN2017cii,150,0.03289,0.03323,35.95132,0.1058
2006te,64,0.0329,0.03155,35.86396,0.0989
2004as,63,0.03296,0.03139,35.89486,0.1689
ASASSN-16bc,150,0.03298,0.03194,35.83813,0.0862
2008gp,5,0.03333,0.03303,35.79166,0.0911
2010ag,66,0.03335,0.0334,35.617,0.162
2005iq,64,0.03341,0.03404,36.04919,0.0898
PS15bsq,150,0.03371,0.0343,35.94327,0.0879
2004L,63,0.03373,0.03229,35.9177,0.1835
2003cq,63,0.03378,0.03275,35.83146,0.1865
2006S,64,0.03393,0.03224,36.02516,0.1264
2006gr,64,0.03428,0.03467,36.06484,0.1453
ASASSN-16dw,150,0.03437,0.03466,35.88308,0.1347
ATLAS17ajs,150,0.03451,0.03265,35.99496,0.209
2003kc,63,0.03479,0.03316,35.90221,0.1476
2003iv,63,0.03491,0.03426,36.01126,0.1344
ASASSN-15jl,150,0.03512,0.03468,36.01851,0.1008
2005eu,64,0.03516,0.03449,35.99892,0.1263
ASASSN-15tg,150,0.03529,0.03561,35.9573,0.095
2007hu,65,0.03551,0.03518,36.00256,0.2289
PTSS-16efw,150,0.03568,0.03557,36.38234,0.0909
ASASSN-15ss,150,0.03599,0.03556,36.14277,0.0907
PS15bbn,150,0.03624,0.0371,36.32659,0.1121
ASASSN-15lu,150,0.03635,0.03505,36.14299,0.1132
2008hj,65,0.03682,0.03761,36.11617,0.0895
2006mo,64,0.03702,0.03718,36.05893,0.1337
2002hu,63,0.03705,0.0367,36.05504,0.0933
2001eh,63,0.03725,0.03713,36.01068,0.1125
ASASSN-16db,150,0.0373,0.03486,36.00728,0.1211
AT2016hns,150,0.0374,0.03817,36.13761,0.1017
ASASSN-15bc,150,0.03753,0.03672,36.16609,0.1296
2007jg,5,0.03756,0.03707,36.30183,0.1224
AT2016cvw,150,0.03787,0.03888,36.25411,0.1
2008gb,65,0.03796,0.037,36.20641,0.1163
2007O,64,0.03818,0.03694,36.04309,0.0932
2008fr,65,0.03828,0.039,36.24514,0.0994
2009bv,65,0.03848,0.03667,36.31572,0.0942
2008051,65,0.03873,0.03777,36.12057,0.1044
ASASSN-15np,150,0.03884,0.03768,36.17443,0.1262
2010dw,66,0.03902,0.03812,36.15798,0.1499
ASASSN-15pn,150,0.03909,0.03836,36.37011,0.1167
PS15cze,150,0.04035,0.03937,36.43433,0.1503
2003fa,63,0.04056,0.04039,36.16885,0.1017
SN2016glz,150,0.04077,0.04099,36.15319,0.1167
PS16axi,150,0.04089,0.0393,36.24039,0.0952
SN2017coa,150,0.04095,0.04,36.48436,0.1391
2009do,65,0.04099,0.03964,36.20463,0.0963
2001az,63,0.04101,0.04069,36.41367,0.0927
2006cf,64,0.04268,0.04146,36.40134,0.1065
2007kk,65,0.04285,0.04177,36.24371,0.1092
AT2016htm,150,0.04289,0.04332,36.45301,0.0793
ASASSN-16ct,150,0.04306,0.04191,36.27389,0.154
2007nq,65,0.04349,0.04389,36.36083,0.0883
SN2016ayg,150,0.04349,0.04269,36.57204,0.092
MASTERJ0134,150,0.04369,0.04485,36.40534,0.1003
AT2016cvv,150,0.04438,0.04457,36.55894,0.1343
2005ku,5,0.04439,0.04525,36.42577,0.1621
PSNJ1204051,150,0.04545,0.04385,36.57682,0.1173
2005hc,64,0.04575,0.04592,36.69777,0.0872
SN2016esh,150,0.04583,0.04457,36.44319,0.1013
PS17tn,150,0.0459,0.0447,36.48276,0.1171
2008050,65,0.04625,0.04526,36.31584,0.1717
AT2016ews,150,0.04631,0.04555,36.71175,0.0759
2005lz,64,0.04643,0.04624,36.44687,0.1231
2004gu,5,0.04664,0.04558,36.54971,0.1315
2008cf,65,0.04682,0.04603,36.57974,0.0945
AT2017yk,150,0.04691,0.04644,36.75031,0.1648
2016afk,150,0.04738,0.04561,36.64349,0.1512
PS16fa,150,0.0476,0.04611,36.71459,0.0942
PS15aii,150,0.04777,0.04655,36.71031,0.077
PS17akj,150,0.04777,0.04681,36.59991,0.1115
ATLAS16agv,150,0.04819,0.04779,36.59722,0.0935
ASASSN-15pm,150,0.04837,0.04879,36.70692,0.0765
AT2016gmg,150,0.04865,0.04944,36.85198,0.1038
PS16el,150,0.0494,0.04781,36.70592,0.0915
2006cq,64,0.04944,0.04844,36.83597,0.1159
PS15asb,150,0.04989,0.04863,36.69189,0.0956
PS16dnp,150,0.05023,0.05127,36.97734,0.0903
2007kh,65,0.05032,0.05,36.64724,0.1981
ASASSN-17eb,150,0.05044,0.04924,36.61242,0.1205
PS15brr,150,0.05049,0.0518,36.62315,0.0947
AT2016cor,150,0.05066,0.04954,36.87577,0.1949
PS16fbb,150,0.05106,0.0525,36.86014,0.0965
2003ic,63,0.05126,0.05311,36.49961,0.1333
ASASSN-16hc,150,0.05151,0.05093,36.79875,0.0748
AT2016htn,150,0.05222,0.05312,36.98666,0.1272
PS16evk,150,0.05262,0.05447,37.02932,0.102
PS16n,150,0.05309,0.05273,36.98166,0.0795
2010dt,66,0.05316,0.05286,36.98605,0.1032
2006lu,5,0.05346,0.0534,36.98406,0.0783
PS16bby,150,0.05468,0.05342,36.90225,0.0939
PS16ayd,150,0.05469,0.05399,37.0434,0.068
SN2017cpu,150,0.05502,0.0544,36.83115,0.0838
AT2017oz,150,0.05614,0.05569,36.99623,0.1009
2006py,5,0.05653,0.05787,36.96139,0.1189
PS16aer,150,0.05693,0.05547,37.13672,0.1003
2005hj,64,0.05708,0.05739,37.07054,0.1121
2006ob,64,0.05824,0.0586,37.05644,0.0849
SN2016gmb,150,0.0583,0.05827,37.05872,0.0979
2001ah,63,0.05886,0.05776,37.15499,0.1291
SN2017cjv,150,0.06092,0.05953,37.20488,0.1051
2008bz,65,0.06099,0.06015,37.36659,0.0716
SN2016hhv,150,0.06121,0.06194,37.37005,0.1459
2006oa,64,0.06153,0.06257,37.2229,0.1098
SN2016aqb,150,0.06384,0.06289,37.1975,0.0646
PS16bnz,150,0.06446,0.0627,37.20911,0.0938
2007ae,64,0.06533,0.06499,37.1436,0.1021
PS15cms,150,0.06627,0.06479,37.36253,0.1098
SN2016ixf,150,0.06711,0.06602,37.52847,0.1018
AT2016aj,150,0.06725,0.06741,37.41339,0.1113
PS15bjg,150,0.06786,0.06889,37.54095,0.0941
CSS160129,150,0.06844,0.06766,37.39806,0.0952
2006al,64,0.06886,0.0678,37.60919,0.0802
PTSS17-niq,150,0.06897,0.06828,37.40023,0.0847
2008Y,65,0.07056,0.06965,37.36244,0.1087
PS17yt,150,0.07073,0.06976,37.53894,0.0647
PS16em,150,0.07083,0.06982,37.60601,0.1686
2006on,64,0.07089,0.07191,37.37352,0.1761
ATLAS16bwu,150,0.07091,0.0718,37.34903,0.1488
PS15bdr,150,0.07116,0.07096,37.55578,0.0881
PS15bwh,150,0.07158,0.07267,37.45519,0.0885
PS15mt,150,0.07193,0.07085,37.72225,0.1089
PS15atx,150,0.07252,0.07188,37.86168,0.13
1371046,10,0.07334,0.07411,37.60807,0.1792
1318737,10,0.07374,0.07451,37.36177,0.1858
Gaia16aki,150,0.07393,0.07363,37.69622,0.0899
PS17bii,150,0.07446,0.07339,37.47561,0.092
2005ir,64,0.0752,0.07603,37.78693,0.0745
AT2016gsu,150,0.07575,0.07642,37.66958,0.0962
PS15bif,150,0.07845,0.07937,37.67794,0.1107
Gaia16acv,150,0.07859,0.07772,37.95956,0.0823
PS15bzz,150,0.07931,0.08024,37.67811,0.0922
SN2016glp,150,0.0841,0.08493,38.0676,0.1372
2006bu,64,0.08478,0.084,37.92895,0.1198
SN2016grz,150,0.08704,0.08748,38.06308,0.1619
1864053,10,0.09333,0.09422,38.14556,0.0994
1344303,10,0.09394,0.09475,38.19696,0.2395
1317612,10,0.10442,0.10525,38.35683,0.1256
1259241,10,0.10543,0.10582,38.31943,0.1444
1330031,10,0.10563,0.10643,38.54264,0.0821
1336975,10,0.11048,0.11088,38.25468,0.1023
1289982,10,0.11621,0.11665,41.38301,206.3178
1879649,10,0.11979,0.1202,39.18096,194.6456
1833339,10,0.13051,0.13092,38.87889,0.1062
1334084,10,0.13349,0.13431,38.98171,0.1961
1815065,10,0.13537,0.13617,38.89598,0.1589
1317666,10,0.14136,0.14227,39.34775,0.1421
1296657,10,0.14624,0.14715,39.29023,0.1306
1283923,10,0.14631,0.14715,39.46035,0.1576
1316385,10,0.1474,0.14784,39.00672,0.1375
1530193,10,0.14802,0.14893,39.16841,0.1602
1293758,10,0.14812,0.14896,39.29882,0.0844
1871023,10,0.1484,0.14883,39.93288,192.4317
1277173,10,0.1494,0.15035,39.34373,0.0979
1247420,10,0.15026,0.15123,39.18191,0.1013
1306366,10,0.15062,0.15145,39.60073,0.2443
1317164,10,0.15459,0.15555,39.23567,0.1743
1299775,10,0.16008,0.16051,39.12071,0.1843
1578103,10,0.16008,0.16092,39.39296,0.1643
1250034,10,0.16085,0.16167,39.40043,0.1053
1479069,10,0.17267,0.17353,39.59667,0.0994
1303279,10,0.17273,0.17315,39.29306,0.0826
1770639,10,0.17623,0.17718,40.67369,121.9264
1294436,10,0.178,0.17885,41.63537,256.203
1303496,10,0.17978,0.18021,39.69446,0.1495
1339392,10,0.18148,0.18191,39.3871,0.0959
1250017,10,0.18216,0.18299,39.8153,0.096
1257695,10,0.18383,0.18472,39.78048,0.0953
1296321,10,0.18444,0.18531,40.03362,0.1941
1336453,10,0.18492,0.18579,39.8538,0.1078
1273127,10,0.18937,0.19024,39.9733,0.1246
1295844,10,0.19209,0.19294,40.96771,132.5901
1261193,10,0.19246,0.19293,39.86546,0.2171
1879208,10,0.19471,0.19515,39.99672,0.087
1253920,10,0.19555,0.19599,39.74864,0.1067
1298893,10,0.19616,0.19712,39.9279,0.1359
1334620,10,0.19624,0.1972,39.94861,0.1849
1922067,10,0.19771,0.1987,39.8289,0.1094
1324938,10,0.19847,0.19933,40.74201,192.8023
1281119,10,0.19902,0.19947,40.11619,0.197
1335323,10,0.19991,0.20081,39.82392,0.1936
1782065,10,0.20173,0.20216,39.82988,0.1012
1550021,10,0.20587,0.20676,39.94322,0.1771
1327978,10,0.20699,0.20786,39.99299,0.1567
1283373,10,0.20753,0.20797,40.16818,0.1003
1315197,10,0.20823,0.2091,39.99434,0.104
1324509,10,0.21062,0.21105,39.95602,0.1525
1791048,10,0.21094,0.21139,39.90133,0.1228
1257366,10,0.21136,0.21182,40.13584,0.164
1309013,10,0.2126,0.21358,40.01692,0.1966
1887027,10,0.21303,0.21348,40.10499,0.1764
1292805,10,0.21415,0.21514,41.12692,0.8952
1297501,10,0.21492,0.21541,39.79939,0.2285
1249851,10,0.21511,0.21552,40.09896,0.0946
1371126,10,0.21601,0.21648,40.25572,0.0889
1304442,10,0.21711,0.2176,40.18207,0.1705
1282114,10,0.21781,0.21881,40.26232,0.1452
1313230,10,0.21792,0.21883,40.09856,0.0956
1295062,10,0.21839,0.21938,40.05123,0.2672
1290816,10,0.21847,0.21892,40.31675,0.1664
1919017,10,0.21849,0.21939,40.17131,0.2113
1304678,10,0.21883,0.21927,40.10356,0.1106
1342255,10,0.21885,0.21976,40.06356,0.1118
1250912,10,0.21898,0.21995,40.34771,0.1788
1682020,10,0.21924,0.22015,39.95573,0.1013
1302187,10,0.21942,0.21992,39.96014,0.1979
1259352,10,0.21986,0.22034,40.0411,0.1358
1867019,10,0.22101,0.22191,40.45498,0.1737
1331123,10,0.22157,0.22248,40.28881,0.1108
1929063,10,0.22211,0.223,40.1587,0.2004
1259246,10,0.22284,0.2233,40.09276,0.1782
1249137,10,0.22305,0.22397,40.20316,0.2129
1641279,10,0.22398,0.2249,40.17738,0.1073
1878148,10,0.22453,0.2254,40.24418,0.1203
1292560,10,0.22482,0.22582,40.26777,0.0985
1248039,10,0.22566,0.22666,40.27718,0.1907
1315192,10,0.22714,0.228,40.14119,0.1618
1249308,10,0.22806,0.22896,40.50123,0.1892
1315259,10,0.22806,0.22896,40.23671,0.1527
1879426,10,0.22941,0.2299,40.24144,0.1026
1288083,10,0.23048,0.23147,40.25625,0.1114
1291149,10,0.23057,0.23156,42.30845,238.612
1262746,10,0.23079,0.23176,40.29796,0.1226
1302648,10,0.23171,0.23259,40.15341,0.1707
1275946,10,0.23212,0.233,40.32782,0.1157
1262201,10,0.23279,0.23323,40.78688,201.5004
1310367,10,0.23332,0.23433,40.44286,0.1187
1292336,10,0.23355,0.23446,40.2262,0.1776
1336687,10,0.2338,0.2348,40.15655,0.22
1279500,10,0.2347,0.23568,40.35195,0.1408
1656029,10,0.2348,0.23571,40.97115,111.2664
1319366,10,0.23482,0.23572,40.24048,0.1461
1860025,10,0.23532,0.23625,40.59127,0.1108
1921033,10,0.23707,0.23797,40.5112,0.1453
1317277,10,0.2371,0.2381,40.3202,0.1215
1373042,10,0.2372,0.2382,40.46564,0.1018
1434248,10,0.23734,0.23835,40.33508,0.1117
1262573,10,0.23747,0.23837,40.41081,0.1341
1840041,10,0.23891,0.23993,40.39397,0.1535
1834104,10,0.23928,0.23972,40.38821,0.0998
1366436,10,0.23954,0.24,40.44745,0.1127
1368188,10,0.24003,0.2405,40.4215,0.0905
1319711,10,0.24171,0.2427,40.38161,0.0839
1780045,10,0.24283,0.24326,40.52226,0.1151
1344355,10,0.24448,0.2454,40.34132,0.2067
1927242,10,0.24576,0.24666,40.75279,0.1332
1246275,10,0.24605,0.24651,40.59366,0.0993
1276528,10,0.24618,0.24709,40.23354,0.1873
1334645,10,0.24701,0.248,40.26524,0.102
1879256,10,0.24936,0.25028,40.35571,0.2089
1901059,10,0.25126,0.25229,40.41245,0.1417
1367234,10,0.25173,0.25278,40.51833,0.1434
1305276,10,0.25286,0.2539,40.70136,0.2031
1302359,10,0.25308,0.25358,40.46937,0.1693
1262726,10,0.25378,0.25478,40.35512,0.1134
1373028,10,0.25517,0.25617,40.30212,0.1141
1336480,10,0.25604,0.25695,40.66634,0.1448
1279420,10,0.25691,0.25736,40.48353,0.173
1321450,10,0.25833,0.25928,40.41248,0.1988
1297026,10,0.25854,0.25956,40.59566,0.0934
1303883,10,0.25904,0.25993,40.50537,0.1502
1289664,10,0.25907,0.26,40.23541,0.1301
1697026,10,0.26046,0.26146,40.98259,0.24
1298079,10,0.26048,0.26136,40.74659,0.1464
1262232,10,0.26103,0.26151,40.86697,0.7274
1337649,10,0.2615,0.26238,40.48657,0.15
1373040,10,0.26162,0.26262,40.58782,0.1271
1910132,10,0.26271,0.26371,40.54026,0.0903
1434201,10,0.26317,0.26423,41.83784,320.3305
1344347,10,0.26361,0.26453,40.69751,0.1275
1261784,10,0.26523,0.26572,40.9081,0.2072
1892103,10,0.26584,0.26685,40.74542,0.1774
1334087,10,0.26628,0.26722,40.58229,0.1056
1300390,10,0.26765,0.2686,40.66311,0.1529
1319870,10,0.26767,0.26812,42.34894,219.2544
1249970,10,0.26775,0.26866,40.88779,0.1635
1309288,10,0.26793,0.26838,40.59362,0.1009
1560034,10,0.26891,0.26982,40.7573,0.1768
1320704,10,0.26996,0.27087,40.44445,0.1428
1309874,10,0.27001,0.27092,40.6088,0.1206
1330817,10,0.27051,0.27144,40.90091,0.1111
1366690,10,0.27119,0.27223,40.77037,0.1154
1773078,10,0.27142,0.27235,40.6058,0.1249
1278493,10,0.27237,0.2734,40.69293,0.1247
1968046,10,0.27255,0.27302,40.77936,0.115
1292332,10,0.27265,0.27358,40.67029,0.1033
1260050,10,0.27278,0.27372,40.65338,0.1059
1574104,10,0.27304,0.27399,40.70865,0.1137
1502065,10,0.27316,0.27405,40.71483,0.1397
1250279,10,0.27382,0.27476,40.46812,0.098
1260556,10,0.27437,0.27487,40.7618,0.1667
1339756,10,0.27539,0.27633,40.69707,0.1095
1547086,10,0.27578,0.27627,41.07373,0.2755
1305756,10,0.27589,0.27638,40.66582,0.6008
1368133,10,0.27618,0.2772,40.76795,0.2444
1792093,10,0.27659,0.27761,40.82561,0.081
1503024,10,0.27694,0.27798,40.92631,0.1242
1297465,10,0.27784,0.27836,41.00841,0.1548
1291242,10,0.27905,0.28008,40.89237,0.2187
1261963,10,0.27963,0.28053,40.93028,0.2183
1255576,10,0.2801,0.28112,40.7781,0.1056
1248084,10,0.28063,0.28165,40.69969,0.1279
1290967,10,0.2811,0.28158,40.48691,0.2756
1902212,10,0.28169,0.28219,41.08529,0.2777
1249483,10,0.28303,0.28398,40.69138,0.1073
1773339,10,0.28417,0.28509,41.9664,6.4634
1297927,10,0.28513,0.28605,40.88255,0.1164
1312897,10,0.28578,0.28683,40.65082,0.2153
1862039,10,0.28699,0.28792,41.02013,0.1374
1334644,10,0.28805,0.2891,40.79063,0.1205
1313594,10,0.28834,0.2894,40.84993,0.0989
1457045,10,0.28848,0.28956,41.84104,136.2306
1334597,10,0.28895,0.29,40.72403,0.1191
1289288,10,0.29001,0.29093,40.8731,0.1653
1538019,10,0.29069,0.29162,40.89234,0.1033
1371022,10,0.29082,0.29178,40.89713,0.1577
1861178,10,0.29093,0.29201,40.58483,0.1372
1531089,10,0.29149,0.29241,40.74212,0.1116
1302123,10,0.29156,0.29207,40.86883,0.1032
1263715,10,0.29185,0.29279,40.83596,0.127
1292227,10,0.29185,0.29279,40.78485,0.1547
1291090,10,0.29199,0.29292,40.86884,0.1247
1262550,10,0.29209,0.29304,40.82885,0.1078
1336454,10,0.29256,0.2935,41.88914,30.5834
1340706,10,0.29323,0.29425,40.88986,0.2023
1266255,10,0.29358,0.29461,40.99129,0.1076
1721068,10,0.29376,0.29425,40.89113,0.1816
1256680,10,0.29438,0.29546,41.07496,0.1846
1250665,10,0.29461,0.29564,40.91041,0.1873
1310432,10,0.29471,0.29574,40.88079,0.1629
1299503,10,0.29498,0.29602,43.93669,248.0366
1300703,10,0.29571,0.29674,41.04146,0.1368
1295436,10,0.29584,0.29687,42.4282,223.8633
1257934,10,0.29648,0.29739,40.82165,0.1308
1293319,10,0.29686,0.2979,40.89235,0.1636
1291346,10,0.2977,0.29876,40.71277,0.1383
1901115,10,0.29874,0.29979,40.92345,0.1893
1305051,10,0.29887,0.2998,41.0903,0.1421
1547071,10,0.29911,0.29961,40.90452,0.2192
1293275,10,0.30179,0.30283,41.80664,47.043
1321006,10,0.30244,0.30348,41.1294,0.118
1294948,10,0.30246,0.30291,40.40637,4.0643
1339002,10,0.30251,0.30356,40.93181,0.1755
1334654,10,0.30259,0.30365,42.00282,15.5403
1905171,10,0.30307,0.30404,41.04589,0.213
1659022,10,0.30317,0.30421,41.38656,129.9918
1259412,10,0.30477,0.30581,40.93882,0.0984
1335717,10,0.30477,0.30528,41.1145,0.1841
1861124,10,0.30511,0.30602,40.37324,169.2725
1340954,10,0.30517,0.30566,40.87119,0.138
1849051,10,0.30546,0.3065,40.93135,0.1245
1368131,10,0.30694,0.308,40.93472,0.0905
1281668,10,0.30697,0.30791,41.00668,0.1151
1777124,10,0.30743,0.30853,41.34191,0.1595
1319821,10,0.3088,0.30929,41.09949,0.1098
1292767,10,0.30893,0.30996,40.93935,0.1835
1650024,10,0.30994,0.31102,41.14081,0.139
1848053,10,0.31016,0.31121,41.7196,25.5919
1300516,10,0.31042,0.31151,40.68442,0.2425
1321338,10,0.31048,0.31153,41.08142,0.1611
1264434,10,0.31075,0.31179,40.85079,0.1347
1323831,10,0.31079,0.31131,41.72013,258.7145
1338128,10,0.31184,0.3128,41.13838,0.1588
1791116,10,0.31193,0.31286,41.03378,0.1277
1337838,10,0.31194,0.313,41.03821,0.1303
1263369,10,0.31251,0.31343,41.06449,0.1108
1294743,10,0.31257,0.31363,41.05905,0.2082
1662023,10,0.31268,0.31374,40.87877,0.1075
1321365,10,0.3127,0.31375,42.23841,195.0641
1283878,10,0.31286,0.3139,41.10731,0.114
1341894,10,0.31293,0.31401,41.09265,0.1346
1850045,10,0.31314,0.31413,40.95914,0.1765
1880686,10,0.31406,0.31457,41.01342,0.1067
1943111,10,0.31562,0.31615,41.11746,0.1092
1929024,10,0.31564,0.31613,41.12722,0.2304
1913214,10,0.31615,0.31721,41.10099,0.1151
1300179,10,0.31722,0.31818,41.10583,0.1381
1265165,10,0.31752,0.31845,41.325,0.2013
1345553,10,0.31794,0.31902,41.1955,0.1235
1625037,10,0.31863,0.31956,41.14129,0.1286
1253119,10,0.31915,0.3201,41.11731,0.1342
1897267,10,0.3192,0.31971,41.09362,0.2375
1259615,10,0.32008,0.32116,41.245,0.1491
1293366,10,0.3204,0.32145,41.26326,0.1538
1566028,10,0.32059,0.32165,41.06264,0.1387
1246527,10,0.32078,0.32184,41.19991,0.1387
1366482,10,0.32154,0.32206,41.20996,0.1495
1261579,10,0.32214,0.3232,40.97363,0.1064
1310396,10,0.3225,0.32358,41.21681,0.1051
1891147,10,0.32274,0.3238,41.12372,0.141
1248243,10,0.32394,0.32489,41.20068,0.1305
1292033,10,0.32472,0.32565,41.23036,0.149
1592028,10,0.3251,0.32608,41.15482,0.1419
1340700,10,0.3255,0.32657,41.0611,0.1836
1305626,10,0.32572,0.3268,41.14461,0.1054
1308326,10,0.32622,0.32717,41.15016,0.1152
1469040,10,0.3267,0.32764,41.19884,0.1365
1314071,10,0.32707,0.32813,40.96772,0.1501
1259511,10,0.3271,0.32816,41.23238,0.0826
1306073,10,0.32858,0.32964,41.15561,0.1025
1303215,10,0.32869,0.32917,41.61532,0.2189
1337687,10,0.32869,0.32917,41.13399,0.1199
1293783,10,0.32874,0.32927,41.12827,0.1753
1316465,10,0.32909,0.32961,41.09302,0.1402
1266808,10,0.3293,0.3304,42.20032,200.9551
1301933,10,0.32959,0.33065,41.25571,0.0986
1569050,10,0.32988,0.33086,41.10156,0.2105
1653101,10,0.33,0.3305,41.36497,0.2109
1847079,10,0.33041,0.33134,41.00674,0.1993
1338675,10,0.33047,0.33153,41.20651,0.1893
1264068,10,0.33054,0.33147,41.32269,0.1293
1370320,10,0.3307,0.33165,41.23123,0.1243
1321276,10,0.33121,0.33227,41.34494,0.1268
1249416,10,0.33169,0.33267,42.5494,191.4833
1449074,10,0.33186,0.33234,41.23828,0.1149
1339217,10,0.33191,0.33245,41.09795,0.2958
1306141,10,0.33239,0.33286,41.05229,0.1308
1257356,10,0.33257,0.33307,41.07062,0.1195
1260241,10,0.33336,0.33442,41.22274,0.1175
1309492,10,0.33352,0.33403,41.0983,0.1097
1346956,10,0.33352,0.334,41.1466,0.149
1295024,10,0.33386,0.33494,41.51629,0.1646
1257609,10,0.33389,0.3344,41.09655,0.2212
1319066,10,0.33403,0.33449,41.33285,0.2211
1335305,10,0.33403,0.33501,41.52916,0.1613
1480038,10,0.33423,0.3353,41.22336,0.1221
1531112,10,0.3347,0.33582,41.27318,0.1287
1309293,10,0.33472,0.33521,41.17467,0.21
1297318,10,0.33479,0.33529,41.35422,0.2108
1323016,10,0.33485,0.33582,41.43045,0.2227
1346966,10,0.33513,0.33558,41.11304,0.13
1262163,10,0.3352,0.33566,42.21636,15.655
1246281,10,0.33549,0.336,41.20914,0.135
1929216,10,0.33584,0.33695,41.31977,0.1783
1330530,10,0.33633,0.33682,41.13656,0.2469
1314897,10,0.33662,0.33769,41.10509,0.1566
1287437,10,0.33681,0.33727,41.40221,0.3103
1320501,10,0.33683,0.33781,41.21969,0.1155
1871017,10,0.3372,0.3377,41.11461,0.0989
1257016,10,0.33743,0.3384,41.10457,0.1877
1909375,10,0.33753,0.33805,41.21254,0.0889
1313057,10,0.33754,0.33809,41.43363,0.2215
1322819,10,0.33759,0.33807,41.39351,0.1225
1263197,10,0.33778,0.33826,40.99379,0.1457
1300912,10,0.3378,0.33834,41.1826,0.2109
1723034,10,0.33784,0.33833,41.3674,0.177
1262131,10,0.33802,0.33852,41.20249,0.1091
1304145,10,0.33811,0.33907,42.34314,197.6117
1294351,10,0.33828,0.33926,41.29239,0.1437
1770702,10,0.33846,0.33943,40.87733,0.2161
1343337,10,0.33899,0.33947,41.12532,0.2524
1319614,10,0.3392,0.33972,41.41143,0.2125
1643312,10,0.34037,0.34083,41.1496,0.193
1933035,10,0.34105,0.34204,41.64473,0.2944
1308357,10,0.34157,0.34255,41.11123,0.1879
1336009,10,0.34175,0.3427,41.28327,0.2472
1332819,10,0.3418,0.34234,41.15902,0.1509
1368530,10,0.34224,0.34336,41.47595,0.1658
1249805,10,0.34273,0.34321,40.60507,338.1609
1311394,10,0.34291,0.34389,40.95115,0.3518
1301936,10,0.34304,0.34351,41.62383,0.2295
1332747,10,0.34305,0.34357,41.40908,0.2962
1248925,10,0.34307,0.34408,41.44534,0.133
1876421,10,0.34313,0.34423,41.38335,0.1365
1297365,10,0.34316,0.34365,42.74336,224.7118
1531108,10,0.34387,0.345,41.34527,0.1924
1371048,10,0.34392,0.34489,41.24242,0.1476
1776135,10,0.3441,0.34522,42.49381,283.2525
1323106,10,0.34417,0.34529,41.33949,0.1104
1948484,10,0.34436,0.34545,41.09129,0.1802
1318661,10,0.34451,0.34498,41.44891,0.1724
1921361,10,0.34459,0.34506,41.26558,0.1332
1309330,10,0.34472,0.34521,42.25376,7.0706
1329312,10,0.34478,0.34586,41.25878,0.1051
1256570,10,0.34548,0.34601,41.36581,0.1073
1835110,10,0.3455,0.34598,41.26919,0.1147
1292823,10,0.34565,0.34672,41.30887,0.1262
1770442,10,0.34578,0.34691,41.29105,0.1427
1432017,10,0.34579,0.34627,41.43032,0.2147
1277715,10,0.34601,0.34655,41.29064,0.1507
1265011,10,0.34689,0.34785,41.09872,0.1308
1291408,10,0.34721,0.34818,41.13422,0.1159
1658072,10,0.34721,0.34771,42.87201,218.2322
1593067,10,0.34776,0.34822,41.64355,0.2071
1278602,10,0.34799,0.34896,41.51216,0.207
1336150,10,0.3481,0.34905,41.72694,0.2574
1919042,10,0.34814,0.34909,41.16477,0.1815
1326216,10,0.34832,0.34882,42.90996,218.4352
1295315,10,0.34886,0.34934,41.22103,0.1176
1258906,10,0.34918,0.35013,41.38191,0.1554
1248677,10,0.35016,0.35067,41.3179,0.1075
1291254,10,0.35021,0.35116,41.25782,0.2671
1773049,10,0.35023,0.35118,41.3175,0.1076
1432027,10,0.35039,0.35088,41.25919,0.1755
1328016,10,0.35071,0.35167,41.26951,0.1554
1254356,10,0.35129,0.35238,41.47435,0.1285
1314554,10,0.35159,0.35253,41.29629,0.1925
1257040,10,0.35177,0.35277,41.25662,0.1129
1261503,10,0.35211,0.35321,41.15259,0.1223
1256765,10,0.35267,0.35377,42.02292,32.6184
1256933,10,0.35284,0.35332,41.51424,0.1552
1324562,10,0.35299,0.35349,41.39783,0.127
1276546,10,0.35329,0.35428,41.53772,0.1435
1935471,10,0.35433,0.35542,41.10221,0.1098
1260113,10,0.35469,0.35583,41.30599,0.2287
1251552,10,0.35484,0.35592,41.5652,0.1302
1255312,10,0.35561,0.35658,41.29741,0.1358
1295592,10,0.35631,0.35684,41.30196,0.115
1331836,10,0.35667,0.35778,41.3561,0.128
1324790,10,0.35723,0.35775,41.28873,0.1998
1247022,10,0.35763,0.35859,41.88096,0.1958
1334423,10,0.35791,0.35888,41.40865,0.1746
1450026,10,0.35831,0.35926,41.59729,0.1189
1250357,10,0.35843,0.35941,41.54725,0.1389
1302915,10,0.35921,0.36022,41.38866,0.1287
1397029,10,0.35942,0.35991,42.35098,164.6259
1307830,10,0.35948,0.36,41.52797,0.1065
1315950,10,0.35948,0.36,41.45362,0.1031
1318235,10,0.36002,0.36101,41.56068,0.148
1265281,10,0.36021,0.36131,41.60278,0.2716
1848198,10,0.36021,0.3612,42.56591,232.3702
1331700,10,0.36025,0.36123,42.08385,0.3282
1264512,10,0.36027,0.36136,41.34945,0.1453
1878334,10,0.36044,0.36142,41.42073,0.1924
1645158,10,0.36048,0.36097,41.30285,0.1706
1294340,10,0.36087,0.36186,41.2245,0.1646
1306378,10,0.36101,0.36195,41.55955,0.21
1316701,10,0.36115,0.36213,41.55013,0.1856
1253406,10,0.36131,0.36229,41.43008,0.1709
1266015,10,0.3616,0.36259,41.50152,0.2473
1923415,10,0.36161,0.36255,41.28252,0.1967
1905244,10,0.36176,0.36285,41.48715,0.1265
1294014,10,0.36271,0.36367,40.9642,0.1549
1346137,10,0.36326,0.36379,41.35083,0.1855
1703026,10,0.3639,0.36491,41.52774,0.166
1330533,10,0.36444,0.36495,41.57902,0.1242
1333291,10,0.3646,0.3657,41.232,0.1694
1255735,10,0.36463,0.36573,41.30831,0.2163
1339402,10,0.36538,0.36587,42.59691,138.5198
1447133,10,0.3654,0.36593,41.48489,0.2179
1920365,10,0.36549,0.366,41.40332,0.1088
1299746,10,0.36571,0.36621,41.38879,0.1978
1318460,10,0.36604,0.36704,41.23154,0.1836
1500031,10,0.36606,0.36704,41.57625,0.1416
1258090,10,0.36656,0.36757,41.3954,0.1317
1344639,10,0.36672,0.3677,41.48063,0.1384
1308582,10,0.36704,0.36812,41.25502,0.0964
1330828,10,0.36705,0.36807,41.49526,0.1186
1431163,10,0.36711,0.36812,41.41436,0.1144
1599030,10,0.36774,0.36872,41.11399,0.1147
1770386,10,0.36795,0.36892,41.44872,0.119
1294341,10,0.36798,0.36897,41.50983,0.1471
1904092,10,0.36798,0.36896,41.40591,0.1493
1249245,10,0.36834,0.36932,41.27058,0.1238
1343533,10,0.36843,0.36947,41.64184,0.1785
1283936,10,0.36862,0.3696,41.5655,0.2602
1918076,10,0.36966,0.37077,41.37922,0.274
1321973,10,0.37043,0.37157,41.29234,0.1464
1323600,10,0.37044,0.37145,41.56655,0.1445
1638030,10,0.37136,0.37235,41.43197,0.139
1291957,10,0.37143,0.37244,41.41159,0.1427
1319539,10,0.37176,0.37277,41.39942,0.1455
1511024,10,0.37178,0.3728,41.45703,0.2514
1255412,10,0.37202,0.37303,41.67956,0.1474
1291511,10,0.37228,0.37325,41.39484,0.1739
1318126,10,0.37298,0.37397,41.46099,0.1255
1434203,10,0.37567,0.3768,41.36417,0.1722
1299643,10,0.37678,0.37727,41.46815,0.1329
1879532,10,0.37719,0.37822,41.42987,0.1449
1289366,10,0.37769,0.37869,42.15081,1.262
1282736,10,0.37797,0.37908,41.47658,0.1632
1315795,10,0.37813,0.37862,41.30302,0.2025
1847100,10,0.3789,0.38,41.47386,0.1468
1837096,10,0.37937,0.37987,41.65466,0.1759
1948209,10,0.37942,0.37996,41.57089,0.1261
1299785,10,0.38131,0.38182,41.52151,0.1744
1255399,10,0.38137,0.38239,41.50847,0.1915
1324582,10,0.38185,0.38237,41.63203,0.1558
1923060,10,0.38247,0.38361,41.42685,0.1332
1620051,10,0.38251,0.38353,41.39445,0.2292
1925122,10,0.38274,0.38377,41.77392,0.2424
1343401,10,0.38283,0.38397,41.44162,0.1592
1250275,10,0.38323,0.38423,41.3791,0.1708
1262135,10,0.38328,0.38378,41.50629,0.1276
1246314,10,0.38337,0.38388,41.6293,0.2593
1283272,10,0.38353,0.38405,41.49537,0.2463
1501075,10,0.38373,0.38474,41.23591,262.7785
1281886,10,0.38393,0.38493,41.46707,0.1815
1291788,10,0.384,0.3845,41.77543,0.2684
1289913,10,0.38495,0.38598,41.04571,0.1831
1249090,10,0.3862,0.38724,41.59525,0.1662
1338170,10,0.38676,0.3878,41.6411,0.1688
1257022,10,0.38683,0.38786,41.60627,0.1354
1336464,10,0.38732,0.38834,41.67321,0.1881
1847165,10,0.38748,0.3885,41.3551,0.1718
1702096,10,0.38809,0.3886,41.8912,0.2693
1702083,10,0.38884,0.38932,41.61793,0.1517
1879414,10,0.38889,0.39,41.585,0.1334
1260058,10,0.38948,0.3905,41.14367,0.2208
1643313,10,0.39044,0.39093,41.64288,0.1628
1435067,10,0.39136,0.39235,41.57298,0.1557
1307953,10,0.39146,0.392,41.58434,150.6151
1773237,10,0.39186,0.3929,41.61736,0.1734
1331130,10,0.39189,0.39292,41.95625,0.2528
1923155,10,0.39201,0.39257,41.5727,0.279
1618036,10,0.39216,0.39319,41.67219,0.1344
1246626,10,0.39282,0.39392,41.54316,0.2135
1790098,10,0.39298,0.394,41.61587,0.1388
1263291,10,0.39362,0.39464,41.6875,0.3134
1315910,10,0.39365,0.39468,42.25254,0.2723
1317783,10,0.39436,0.39534,41.55427,0.1824
1431064,10,0.39494,0.39596,41.74977,0.1688
1336002,10,0.39496,0.396,40.94218,0.2288
1291794,10,0.39512,0.3956,41.69227,0.1505
1329198,10,0.39521,0.39634,41.14772,5.763
1318304,10,0.39764,0.39869,41.37364,0.2229
1291783,10,0.39821,0.39922,41.83358,0.1674
1254762,10,0.39827,0.39875,41.80643,0.2807
1920362,10,0.39835,0.39883,41.44377,0.186
1265832,10,0.39876,0.39978,41.94071,0.2754
1335885,10,0.39932,0.39982,41.77158,0.2252
1300517,10,0.40031,0.40132,41.51903,0.1744
1320367,10,0.40109,0.40212,42.44441,279.3887
1275873,10,0.40188,0.40288,41.57734,0.1816
1581048,10,0.40194,0.40244,41.59565,0.1439
1408024,10,0.40228,0.4033,41.50684,0.1677
1253131,10,0.40349,0.40448,42.11665,0.3438
1329615,10,0.4036,0.40474,41.73836,0.1551
1257419,10,0.40361,0.40412,41.68997,0.1559
1342778,10,0.40457,0.40557,41.50941,266.1743
1530120,10,0.40467,0.40584,41.66284,183.6521
1304777,10,0.40476,0.40528,41.65098,0.1446
1284601,10,0.40512,0.40563,41.74579,0.1379
1880632,10,0.40538,0.4065,41.53219,0.1213
1331513,10,0.40572,0.40675,41.79768,0.2168
1537020,10,0.40597,0.40697,41.82821,0.1546
1318266,10,0.40626,0.40726,41.74051,0.1944
1262588,10,0.40644,0.40759,42.13934,0.484
1308314,10,0.40647,0.407,41.79909,0.1518
1847151,10,0.40684,0.40786,41.88516,0.2069
1312213,10,0.40697,0.40797,42.23683,0.2398
1719037,10,0.40746,0.40795,41.71383,0.2001
1916207,10,0.40841,0.40944,41.73184,0.1671
1892217,10,0.40897,0.40949,41.71107,0.1203
1341370,10,0.409,0.41,41.75601,0.2063
1306390,10,0.40911,0.41009,41.94595,0.2241
1300160,10,0.40925,0.41029,41.56159,0.1733
1337971,10,0.41066,0.41166,42.20685,0.2803
1495047,10,0.41097,0.41152,41.81159,0.1071
1307277,10,0.41113,0.41216,41.6509,0.2
1430136,10,0.41235,0.41337,41.82979,0.1808
1315296,10,0.41257,0.41363,41.68001,0.2328
1300025,10,0.41357,0.41459,41.65307,0.1778
1292997,10,0.41447,0.41562,41.75128,0.2499
1301963,10,0.41527,0.41577,41.74117,0.1185
1260949,10,0.41568,0.4167,41.64874,0.1532
1289600,10,0.41962,0.42019,41.85497,0.2219
1265426,10,0.42029,0.4208,41.98525,0.1657
1306578,10,0.42044,0.4215,41.58688,0.1136
1338762,10,0.42054,0.42108,41.74141,0.1418
1896164,10,0.42068,0.42181,41.57618,0.1235
1306626,10,0.42089,0.4214,41.70125,0.1533
1337311,10,0.42131,0.4225,41.91931,0.1409
1876308,10,0.42147,0.4225,41.98488,0.1585
1306991,10,0.42199,0.42306,41.63381,0.1664
1332721,10,0.42224,0.42274,42.12211,0.2173
1257256,10,0.42235,0.4229,41.72469,0.2179
1431072,10,0.42267,0.42373,42.10023,0.2309
1567044,10,0.42273,0.42324,41.77707,0.1626
1368143,10,0.42348,0.42463,41.72135,0.1491
1318659,10,0.42354,0.42403,42.3467,14.2731
1282018,10,0.42376,0.4248,41.69933,0.153
1302523,10,0.42391,0.42505,41.85669,0.1031
1311632,10,0.4242,0.42538,41.7406,0.1531
1516019,10,0.42436,0.42539,42.02518,0.1728
1776329,10,0.42445,0.42548,41.57869,0.2269
1312274,10,0.4245,0.42551,41.87683,0.1924
1264039,10,0.4246,0.42517,42.03716,0.1172
1305387,10,0.42467,0.42581,42.18998,0.2967
1632070,10,0.42513,0.42627,42.1526,0.2522
1295027,10,0.42561,0.42676,41.76441,0.1372
1280039,10,0.42569,0.4262,41.78831,0.2756
1258940,10,0.42593,0.42694,41.84724,0.1269
1338324,10,0.42602,0.42719,42.16596,0.2183
1335432,10,0.42692,0.42751,41.93286,0.1314
1408068,10,0.42713,0.42828,41.89593,0.223
1264106,10,0.42749,0.4285,41.55512,0.996
1655086,10,0.42781,0.42839,41.90016,0.1396
1336359,10,0.42821,0.42938,42.27783,0.2647
1293789,10,0.42857,0.42914,41.90901,0.1242
1618042,10,0.42893,0.4295,41.99425,0.11
1810236,10,0.42926,0.42981,41.78248,0.5693
1265040,10,0.42981,0.431,41.45573,0.205
1260107,10,0.42982,0.431,41.89811,0.3071
1304456,10,0.42989,0.43093,41.69169,0.1078
1260159,10,0.43034,0.43153,41.92619,0.2046
1916124,10,0.43071,0.4319,41.74154,0.1921
1290007,10,0.43112,0.4317,41.79286,0.222
1899442,10,0.43144,0.432,41.86531,0.1443
1317526,10,0.4316,0.43276,42.00453,0.1314
1251225,10,0.43172,0.43274,42.03657,0.9592
1922297,10,0.43225,0.43327,41.66478,0.1894
1883111,10,0.43278,0.43385,41.71503,0.168
1367571,10,0.43311,0.43428,41.75842,0.1381
1310485,10,0.43313,0.43429,41.9139,0.1803
1252521,10,0.43322,0.43376,41.89547,0.1468
1314067,10,0.43365,0.43479,41.79666,0.1106
1277945,10,0.43369,0.43425,41.98253,0.1592
1251390,10,0.43398,0.43504,41.79445,0.1284
1660018,10,0.43435,0.4355,41.60541,0.2014
1861164,10,0.43446,0.435,41.74381,0.1521
1909346,10,0.43448,0.43564,42.25091,0.2565
1933168,10,0.43495,0.43547,41.68241,0.1249
1321166,10,0.4351,0.43623,42.0886,0.1354
1297063,10,0.43516,0.4357,41.94989,0.1648
1559178,10,0.4355,0.43651,42.48549,0.5374
1263930,10,0.43578,0.43631,42.07077,0.241
1501097,10,0.43587,0.43707,41.80467,0.1444
1313698,10,0.43619,0.43738,41.84314,0.1563
1256701,10,0.43629,0.43749,42.28125,0.235
1908380,10,0.43668,0.4377,42.05232,0.1889
1336008,10,0.43764,0.43867,41.61194,0.147
1308916,10,0.43769,0.4382,42.0173,0.1999
1333246,10,0.43774,0.43879,41.96413,0.2175
1316831,10,0.43848,0.43966,41.96879,0.1349
1253148,10,0.43868,0.43972,42.06142,0.2069
1334614,10,0.43941,0.44056,42.79751,289.7856
1310294,10,0.43967,0.44089,41.94286,0.1607
1904152,10,0.44025,0.4414,42.07844,0.1423
1256823,10,0.44084,0.44199,41.9191,0.1135
1536026,10,0.44129,0.44236,42.11417,0.2238
1328105,10,0.44153,0.44259,41.79927,0.1214
1311247,10,0.44183,0.44288,41.52847,0.1692
1641173,10,0.44364,0.4448,42.2474,0.1954
1255008,10,0.4438,0.44489,41.80379,0.1777
1645125,10,0.44419,0.44537,41.96627,0.16
1880304,10,0.44419,0.44469,42.23434,0.1951
1265089,10,0.44472,0.44588,41.86658,0.1654
1904293,10,0.44623,0.44682,41.86956,0.1533
1249956,10,0.44628,0.44737,42.36239,0.2387
1306423,10,0.44638,0.44739,41.87444,0.2136
1251975,10,0.44647,0.44765,41.90973,0.0678
1253474,10,0.4467,0.4479,41.82253,0.1154
1367331,10,0.44684,0.44793,42.03154,0.1221
1450148,10,0.44736,0.44845,41.95895,0.166
1340539,10,0.44766,0.4482,42.08076,0.1646
1900662,10,0.44791,0.44894,41.96821,0.1662
1264499,10,0.44841,0.44958,41.66406,0.181
1862183,10,0.44864,0.44918,42.07056,0.182
1389177,10,0.44895,0.44945,42.1467,0.1632
1335756,10,0.44933,0.45038,42.34252,0.2037
1255487,10,0.45012,0.45131,41.90324,0.2107
1249371,10,0.45085,0.45191,42.24385,0.2742
1330964,10,0.45085,0.4514,42.05493,0.175
1390164,10,0.45102,0.45154,41.96907,224.6577
1367556,10,0.45115,0.45235,41.89587,0.128
1536028,10,0.45115,0.45221,42.09722,0.1267
1252829,10,0.45168,0.45288,41.75649,0.1374
1552028,10,0.4518,0.453,42.01453,0.1065
1895036,10,0.45194,0.45302,41.91153,0.1111
1289346,10,0.45198,0.453,41.34949,213.4445
1392400,10,0.45205,0.45258,41.9952,0.1557
1290127,10,0.45222,0.4533,42.07392,0.2425
1262252,10,0.45294,0.45401,41.96072,0.1979
1251381,10,0.45305,0.45412,42.5177,0.3427
1337267,10,0.45318,0.45439,41.93843,0.2617
1253101,10,0.45332,0.4544,41.89377,0.1933
1302110,10,0.45351,0.45459,42.27599,0.2672
1309694,10,0.45353,0.45456,42.12919,0.203
1304193,10,0.45354,0.45456,42.07876,0.1677
1262084,10,0.4536,0.45416,42.18827,0.1602
1916143,10,0.45362,0.45481,42.06582,0.1399
1512067,10,0.45394,0.45444,42.11224,0.2383
1900865,10,0.45405,0.45463,42.02548,0.1752
1776304,10,0.4541,0.45517,41.84927,0.2052
1253475,10,0.45412,0.45532,42.18464,0.2443
1777122,10,0.45429,0.45551,41.97567,0.1899
1334302,10,0.45463,0.4557,41.87494,0.1557
1306360,10,0.45478,0.45534,41.99291,0.1649
1937078,10,0.45525,0.45645,42.10631,2.5388
1366475,10,0.45546,0.45596,42.04174,0.1428
1247537,10,0.45565,0.45687,41.96742,0.1422
1905184,10,0.45587,0.45705,41.653,0.3367
1531145,10,0.45675,0.45793,42.1682,0.2471
1339716,10,0.45682,0.45791,41.89089,0.2333
1531113,10,0.45694,0.45817,42.25569,0.2055
1915067,10,0.45699,0.45804,42.02079,0.1859
1644211,10,0.45743,0.45849,42.19071,0.1718
1878719,10,0.45753,0.45854,42.31237,0.1346
1263244,10,0.45799,0.45902,42.5259,0.329
1260030,10,0.45811,0.45918,41.95029,0.1333
1258061,10,0.45831,0.45939,42.11684,0.1687
1310963,10,0.45919,0.45971,42.59596,268.2323
1339875,10,0.45944,0.46064,41.92794,0.1676
1784110,10,0.45993,0.46114,42.05468,0.1767
1565032,10,0.46097,0.46219,42.34155,0.1445
1253180,10,0.46154,0.4621,41.99253,0.1324
1338959,10,0.46167,0.46283,41.9024,0.1712
1879263,10,0.46192,0.463,42.26696,0.1282
1252970,10,0.46198,0.4625,42.14205,0.1674
1297742,10,0.46256,0.46364,41.86633,0.1224
1551020,10,0.46283,0.46394,41.96487,0.16
1366187,10,0.4629,0.46406,42.1586,0.1395
1924089,10,0.46299,0.46418,42.06566,0.1065
1484053,10,0.46322,0.46427,41.83382,0.1315
1889211,10,0.46351,0.46407,41.84578,0.1837
1924103,10,0.4638,0.46499,42.14301,0.1206
1876431,10,0.46482,0.466,42.02051,0.1307
1595028,10,0.46523,0.46641,42.2212,0.2072
1699105,10,0.4659,0.46642,42.1394,0.2053
1797044,10,0.4667,0.46789,42.40418,0.1791
1854103,10,0.4668,0.46733,42.07812,0.2214
1262016,10,0.46694,0.46812,42.05559,0.1259
1301332,10,0.46754,0.46861,42.17763,0.1619
1336558,10,0.4676,0.46865,42.05273,0.1798
1317724,10,0.46775,0.4689,42.27658,0.1346
1255426,10,0.46781,0.46887,42.65964,0.3255
1255470,10,0.46877,0.46997,42.0701,0.1661
1339149,10,0.46879,0.46998,42.00695,0.1483
1596033,10,0.46937,0.47043,42.57499,0.2591
1901738,10,0.46975,0.47096,42.10012,0.1352
1254671,10,0.47065,0.47119,42.18959,0.1977
1294137,10,0.47085,0.4719,41.85041,0.2885
1311755,10,0.471,0.4722,42.02791,0.1528
1299758,10,0.47241,0.47293,42.1108,0.1774
1532056,10,0.47273,0.47379,42.13967,0.1914
1265134,10,0.47304,0.47362,41.99333,0.1649
1305785,10,0.47327,0.47431,42.2607,0.1624
1257102,10,0.4733,0.47434,42.05073,0.1564
1936171,10,0.47336,0.47389,41.95528,0.1691
1261173,10,0.47377,0.47431,42.16709,0.1882
1303317,10,0.47429,0.47545,42.10133,0.2011
1403033,10,0.47435,0.47539,42.44964,0.1886
1702112,10,0.47547,0.47603,41.93506,0.1391
1901798,10,0.47577,0.47697,42.48698,0.2093
1257775,10,0.47598,0.47654,42.14657,0.2271
1431096,10,0.4768,0.47786,42.13112,0.1703
1252513,10,0.47767,0.47821,42.36789,0.1901
1302418,10,0.4778,0.47885,42.22784,0.1418
1636093,10,0.47782,0.47891,42.19728,0.223
1256332,10,0.47803,0.47919,42.08767,0.1559
1291143,10,0.47819,0.47937,42.04154,0.2083
1488029,10,0.47833,0.47938,41.91333,0.1511
1562077,10,0.47842,0.47898,42.15208,0.1254
1783052,10,0.47852,0.4796,42.70702,0.2861
1847216,10,0.47905,0.48023,42.31888,0.158
1847303,10,0.47964,0.48082,42.15841,0.1333
1256817,10,0.47982,0.481,42.03231,0.1534
1882097,10,0.47992,0.481,42.59903,0.2479
1318052,10,0.48068,0.48127,42.22484,0.2481
1387101,10,0.48092,0.482,42.00385,0.1348
1309323,10,0.48309,0.48362,42.16315,0.1996
1249209,10,0.48312,0.48424,42.4651,0.1794
1248962,10,0.48342,0.48452,42.15537,0.12
1257335,10,0.4841,0.48464,42.31733,0.1739
1285539,10,0.48417,0.48469,42.41342,0.391
1878288,10,0.48449,0.48501,42.66061,0.2974
1300441,10,0.48485,0.4859,42.11049,0.1587
1329622,10,0.48607,0.48727,42.11261,0.2402
1332689,10,0.48766,0.48824,42.37723,0.2038
1296963,10,0.48813,0.48917,42.19861,0.1469
1298266,10,0.4893,0.49038,42.23885,0.2566
1319840,10,0.4897,0.49025,42.20478,0.1321
1876533,10,0.48981,0.491,42.18153,0.1654
1811099,10,0.49007,0.49058,42.63062,0.2075
1386047,10,0.49181,0.493,42.28746,0.1432
1280332,10,0.49219,0.4934,42.73941,0.377
1302117,10,0.49238,0.49349,42.31734,0.2056
1376168,10,0.49239,0.49348,42.31103,0.1648
1896111,10,0.49243,0.49364,42.08046,0.1721
1292145,10,0.49245,0.493,42.42148,0.2446
1254070,10,0.49252,0.49305,42.16607,0.1272
1305350,10,0.49263,0.49382,42.32964,0.2662
1339703,10,0.49272,0.49383,42.04737,0.1427
1253895,10,0.49276,0.49331,41.89829,0.1467
1250435,10,0.49292,0.49418,42.12039,0.1543
1318689,10,0.49338,0.49392,42.31278,0.1703
1258500,10,0.49383,0.49502,41.98288,0.204
1279488,10,0.49412,0.49532,42.23993,0.2381
1703072,10,0.49417,0.49475,41.90544,0.1633
1254299,10,0.495,0.49625,42.13799,0.1533
1343208,10,0.495,0.49558,42.11753,0.1461
1263936,10,0.49523,0.49575,42.19532,0.2213
1305504,10,0.49559,0.49679,42.23958,0.1417
1264375,10,0.49572,0.4969,42.33811,0.2293
1303140,10,0.49592,0.49718,42.49048,0.1396
1310182,10,0.49611,0.4972,42.02496,0.1428
1346758,10,0.4965,0.4977,42.33009,0.1821
1810037,10,0.4965,0.49761,42.33984,0.2498
1246529,10,0.49677,0.49797,42.14001,0.1557
1880429,10,0.49707,0.49816,41.97907,0.2554
1342906,10,0.49743,0.498,41.94227,0.1274
1293465,10,0.49801,0.4992,42.3351,0.3611
1266634,10,0.4982,0.49927,42.3334,0.2311
1312171,10,0.50043,0.50151,42.541,0.2575
1263829,10,0.5007,0.50128,42.36697,0.1992
1253046,10,0.50134,0.50192,42.28844,0.1093
1901803,10,0.50262,0.50383,42.58836,0.1776
1337272,10,0.50275,0.504,42.35788,0.165
1389074,10,0.50285,0.5039,42.23163,0.1639
1341857,10,0.50314,0.50373,42.35363,0.2101
1346139,10,0.50323,0.50379,42.42092,0.2055
1264948,10,0.50394,0.50502,42.1926,0.1744
1532057,10,0.50397,0.50504,42.25278,0.1221
1293006,10,0.50436,0.50562,42.18793,0.2015
1323349,10,0.50491,0.5061,42.41873,0.1773
1293921,10,0.50492,0.50552,42.29921,0.1184
1254670,10,0.50495,0.5055,41.93976,0.1522
1258289,10,0.50509,0.50629,42.2105,0.2031
1281879,10,0.50547,0.50657,42.22901,0.195
1891261,10,0.50558,0.50614,42.05216,0.1371
1473027,10,0.50566,0.50617,42.22198,0.1433
1504096,10,0.50582,0.50709,42.42192,0.2296
1335472,10,0.50597,0.50705,42.23548,0.1033
1343759,10,0.50617,0.50677,42.17726,0.1312
1697027,10,0.50621,0.5074,42.23124,0.2285
1847148,10,0.50631,0.5074,42.39994,0.3114
1329663,10,0.50765,0.50826,42.28766,217.3427
1323988,10,0.50816,0.50924,42.17286,0.1855
1263062,10,0.50827,0.5095,42.05343,0.1305
1368482,10,0.50847,0.50967,42.4456,0.1715
1370944,10,0.50947,0.51057,42.24295,0.1398
1780122,10,0.50987,0.51096,41.87859,0.2096
1876204,10,0.51008,0.51067,42.31712,0.1747
1341502,10,0.51064,0.51185,42.37881,0.1573
1291155,10,0.51089,0.51213,42.03637,0.14
1889022,10,0.51127,0.5124,42.47574,0.1692
1256432,10,0.5113,0.51183,42.22407,0.1258
1332392,10,0.51197,0.51318,42.50087,0.1998
1898108,10,0.51204,0.51325,42.37228,0.1244
1440057,10,0.51228,0.51352,42.30733,0.1398
1259538,10,0.51244,0.51363,42.40727,0.1417
1889090,10,0.5129,0.514,42.25625,0.1399
1320762,10,0.51339,0.51445,42.2514,0.1986
1883166,10,0.51351,0.51473,42.32145,0.1592
1519027,10,0.51404,0.51525,42.58931,0.2433
1300470,10,0.51413,0.5152,42.57387,0.2371
1370135,10,0.51615,0.51724,42.52161,0.1875
1342647,10,0.51618,0.51725,42.35236,0.1973
1922405,10,0.51619,0.51671,42.47023,0.1651
1338430,10,0.51717,0.5183,42.13699,0.0953
1502029,10,0.51797,0.51921,42.23257,0.1223
1332614,10,0.51856,0.51917,42.58745,0.1742
1659122,10,0.51872,0.51927,42.09634,0.2907
1304501,10,0.51882,0.51991,42.53775,0.2549
1320066,10,0.5192,0.52035,42.72513,0.2713
1252225,10,0.51956,0.52014,43.19956,180.3598
1901257,10,0.51978,0.521,42.61672,0.2184
1314847,10,0.52053,0.52173,42.27796,0.1542
1258422,10,0.52105,0.52227,42.40475,0.2034
1257602,10,0.52211,0.52271,42.36599,0.1275
1385187,10,0.52212,0.52319,42.3184,0.1739
1341459,10,0.52219,0.52341,42.09562,0.1315
1286881,10,0.5228,0.52334,42.37586,0.1362
1312164,10,0.52327,0.52438,42.72466,0.3135
1335671,10,0.52427,0.5248,42.2756,0.1008
1514059,10,0.52427,0.5248,42.80514,0.2571
1915184,10,0.5246,0.52582,42.37404,0.1669
1258330,10,0.52473,0.52595,42.12443,0.1624
1780287,10,0.52494,0.5262,42.20845,0.1647
1295285,10,0.52513,0.52634,42.32221,0.1167
1294806,10,0.52535,0.52588,42.38282,0.1615
1329795,10,0.52558,0.52669,42.43147,0.1519
1257144,10,0.52559,0.5267,42.44235,0.2039
1303197,10,0.52562,0.52682,42.22159,0.1274
1645195,10,0.5258,0.52692,42.40356,0.1332
1322229,10,0.52612,0.52736,42.23087,0.2232
1301922,10,0.52616,0.52676,42.62537,0.2171
1320126,10,0.52685,0.52795,42.42063,0.1929
1514043,10,0.52706,0.52831,42.44815,0.327
1302564,10,0.52716,0.5284,42.1697,0.1596
1261259,10,0.52723,0.52786,42.38955,0.1166
1251536,10,0.52727,0.52851,42.63185,0.1876
1250532,10,0.5277,0.52893,42.68565,0.182
1371206,10,0.52779,0.52839,42.39553,0.1744
1673068,10,0.52779,0.52838,42.40203,0.1445
1259006,10,0.5279,0.52913,42.29482,0.1811
1334742,10,0.52809,0.52919,42.46907,0.3578
1260889,10,0.52885,0.52993,42.41841,0.159
1262736,10,0.52929,0.5305,42.30629,0.1737
1304503,10,0.52971,0.5303,42.28223,0.1351
1324544,10,0.52973,0.53027,42.3084,0.2167
1490034,10,0.53002,0.53058,42.70507,0.2078
1817269,10,0.53009,0.5307,42.42105,0.1544
1302346,10,0.53042,0.53152,42.60237,0.1745
1472020,10,0.53112,0.53169,42.42343,0.2021
1338471,10,0.53116,0.53228,42.63427,0.1869
1246758,10,0.53127,0.53249,42.14059,0.1494
1278820,10,0.53127,0.53252,42.47071,0.2484
1261233,10,0.53166,0.53225,42.35334,0.1387
1550103,10,0.53166,0.53223,42.52236,0.1788
1346628,10,0.53191,0.53253,42.36618,0.1998
1337703,10,0.53225,0.53281,42.05819,0.1261
1259771,10,0.53232,0.53341,42.34927,0.1653
1295249,10,0.53251,0.53309,42.63882,0.1697
1574017,10,0.53287,0.53399,42.52319,0.1377
1323777,10,0.5329,0.53348,42.86814,233.7003
1254000,10,0.533,0.53356,42.80941,0.2169
1297061,10,0.53387,0.53445,42.67617,0.238
1536021,10,0.5341,0.53524,42.42357,0.174
1470063,10,0.53547,0.53605,42.71709,0.2917
1339425,10,0.53579,0.53633,42.64822,0.2171
1289714,10,0.53582,0.53638,42.69972,0.1885
1254002,10,0.53591,0.53644,42.41394,0.1499
1770487,10,0.53644,0.5377,42.06416,0.8065
1876305,10,0.53667,0.53784,42.40215,0.1392
1313026,10,0.53696,0.53752,42.51919,0.1823
1644290,10,0.5373,0.53786,42.41784,0.1489
1934253,10,0.53739,0.538,42.4292,0.1442
1912110,10,0.53763,0.53873,42.1294,0.172
1260568,10,0.53805,0.53864,42.47376,0.2039
1636043,10,0.53944,0.54055,42.52552,0.1282
1291159,10,0.53976,0.54102,42.42586,0.1918
1252364,10,0.54134,0.54251,42.29627,0.1803
1474020,10,0.54148,0.54211,42.40943,0.227
1324542,10,0.54154,0.5421,42.55716,0.192
1324685,10,0.54183,0.54244,42.45177,0.1382
1341000,10,0.54203,0.54259,42.4341,0.1945
1861210,10,0.54229,0.54285,42.5416,0.1728
1340728,10,0.54277,0.544,43.06948,226.7333
1876731,10,0.54291,0.54348,42.66196,0.2432
1367408,10,0.54306,0.54366,42.5904,0.1527
1302055,10,0.54327,0.54383,42.81745,0.2185
1322954,10,0.54327,0.54385,42.47192,0.2144
1290995,10,0.54351,0.5441,42.29839,0.1258
1928157,10,0.54379,0.54505,42.57478,0.1037
1264049,10,0.54397,0.54508,42.2202,0.1396
1297353,10,0.54402,0.54459,42.13796,0.147
1547048,10,0.54454,0.54579,42.22792,0.1494
1945116,10,0.54469,0.54525,42.58556,0.1296
1644213,10,0.54509,0.54622,42.45335,0.1636
1641288,10,0.54529,0.54642,42.50157,0.1643
1306980,10,0.54674,0.54789,42.48369,0.2353
1530098,10,0.54758,0.54873,43.14783,211.0391
1899065,10,0.54762,0.54877,42.33816,0.173
1291733,10,0.54784,0.54895,42.09818,0.5624
1906545,10,0.54806,0.5493,42.80686,0.1992
1389210,10,0.54865,0.54921,42.50563,0.127
1891082,10,0.54871,0.55,42.5505,0.1551
1297157,10,0.54888,0.54947,42.49308,0.1612
1643316,10,0.54894,0.5495,42.27135,2.6203
1258802,10,0.54947,0.55063,42.33346,0.164
1249264,10,0.54968,0.55081,42.65559,0.1325
1331344,10,0.54993,0.55122,42.66588,0.1921
1574062,10,0.5502,0.55144,42.76064,0.1445
1260000,10,0.5506,0.55172,42.72227,0.1714
1570024,10,0.55064,0.55123,42.40742,0.1239
1368111,10,0.55095,0.55205,42.32849,0.132
1880545,10,0.55111,0.55227,42.37667,0.1931
1306736,10,0.55145,0.552,42.35736,0.2011
1250925,10,0.55146,0.55269,42.37732,0.1998
1264963,10,0.55214,0.55325,42.62838,0.2216
1315818,10,0.55218,0.55274,42.68035,0.1648
1260551,10,0.55236,0.55292,42.2596,0.1495
1896254,10,0.55283,0.55339,42.53302,0.1478
1252142,10,0.55288,0.55345,42.56999,0.1367
1878756,10,0.55294,0.55419,42.81817,0.2675
1264631,10,0.55299,0.55424,42.20844,0.178
1366195,10,0.55313,0.55439,42.30991,0.1174
1341426,10,0.55321,0.55432,42.59233,0.1951
1316989,10,0.55343,0.55474,42.21046,0.2052
1444028,10,0.55372,0.55484,42.57853,0.166
1439028,10,0.55424,0.5555,42.40539,0.1541
1912020,10,0.55436,0.55496,42.48851,0.0819
1321492,10,0.55467,0.55583,42.32536,0.1951
1246796,10,0.55502,0.55626,43.4149,286.2019
1249395,10,0.55513,0.55626,42.57116,0.1529
1260605,10,0.55534,0.55594,42.4499,0.1451
1255523,10,0.55536,0.55665,42.56212,0.2033
1833067,10,0.55577,0.55688,42.36557,0.1855
1530191,10,0.55584,0.5571,42.73848,0.2075
1256505,10,0.55626,0.55738,42.42574,0.1265
1504139,10,0.55644,0.55708,42.4424,0.1139
1256764,10,0.55649,0.55774,42.29948,0.1516
1251600,10,0.5576,0.55887,42.56286,0.1304
1291842,10,0.55763,0.55821,42.4109,0.2467
1326367,10,0.55797,0.55856,42.698,0.1819
1635042,10,0.55833,0.55948,42.37836,0.1146
1311590,10,0.5591,0.5604,42.46451,0.1396
1295685,10,0.55929,0.56046,42.58846,0.3035
1331976,10,0.55939,0.56062,43.47172,240.3901
1810087,10,0.55943,0.55997,42.60293,0.202
1304779,10,0.55993,0.5605,42.45886,0.0892
1249182,10,0.56017,0.56135,42.18869,0.2091
1252751,10,0.56059,0.56173,42.47726,0.1276
1915087,10,0.56104,0.56216,42.52096,0.2018
1259500,10,0.56161,0.56288,42.38353,0.14
1263579,10,0.56161,0.56277,42.67654,0.2193
1289555,10,0.56173,0.56289,42.34449,0.1398
1644163,10,0.56202,0.56317,42.85635,0.186
1262267,10,0.56215,0.56332,42.18917,0.2134
1337321,10,0.56258,0.56389,42.52134,0.1423
1303952,10,0.56262,0.56387,42.63699,0.1602
1654105,10,0.56271,0.56331,42.31739,0.1444
1319926,10,0.56341,0.564,42.50456,0.2252
1878335,10,0.56371,0.565,42.52206,0.1391
1259585,10,0.56401,0.5653,42.6494,0.1537
1452059,10,0.5642,0.5655,42.43056,0.1969
1330903,10,0.56429,0.56544,42.70695,0.1447
1338278,10,0.5643,0.5656,42.54121,0.1562
1285317,10,0.56441,0.56555,42.44977,0.1616
1876287,10,0.56445,0.56558,42.48074,0.113
1264077,10,0.56459,0.56572,42.82499,0.2096
1432141,10,0.56489,0.566,42.83606,0.1951
1279501,10,0.56527,0.56655,42.4825,0.1721
1283855,10,0.56536,0.56651,42.3511,0.177
1942106,10,0.56584,0.56638,42.62418,0.163
1315890,10,0.56699,0.56815,42.9266,0.233
1595127,10,0.5674,0.56799,42.70353,0.1226
1259561,10,0.56751,0.56882,42.47441,0.1305
1643338,10,0.56788,0.56915,42.78176,0.1777
1850154,10,0.56823,0.56884,42.60912,0.2138
1328089,10,0.56864,0.5698,42.4359,0.1777
1345458,10,0.56872,0.56932,42.61153,0.1848
1512101,10,0.56872,0.57,42.4688,0.1166
1326273,10,0.56949,0.57013,43.62257,234.917
1305807,10,0.56997,0.5711,42.87093,0.2368
1895233,10,0.57035,0.57098,42.14025,0.1728
1266830,10,0.57039,0.5717,42.39987,0.171
1248936,10,0.57093,0.57208,42.73478,0.2163
1291222,10,0.57106,0.57216,42.39885,0.2457
1290394,10,0.57153,0.57271,42.49121,0.2138
1643063,10,0.57188,0.57319,42.97779,0.2018
1302353,10,0.57193,0.57305,42.56619,0.1269
1251436,10,0.57349,0.57464,42.63064,0.2018
1328103,10,0.57472,0.57589,42.70512,0.1994
1320278,10,0.57508,0.57622,42.48339,0.1944
1466032,10,0.57606,0.57717,42.5602,0.1658
1562098,10,0.57618,0.57747,42.61824,0.1264
1777216,10,0.57626,0.57738,42.41191,0.222
1634024,10,0.57629,0.5776,42.7146,0.1723
1255142,10,0.57675,0.5779,42.58673,0.1828
1448122,10,0.57688,0.57752,42.68022,0.1569
1849244,10,0.57697,0.57826,42.59296,0.1443
1253243,10,0.57729,0.57842,42.65652,0.2032
1337228,10,0.57741,0.57858,42.81386,0.215
1773189,10,0.57744,0.5787,42.7497,0.2732
1281691,10,0.57821,0.57935,42.76313,0.1724
1335854,10,0.57869,0.57927,42.60601,0.1855
1910065,10,0.57875,0.57988,42.57166,0.2254
1320447,10,0.57892,0.58009,42.61,0.1607
1330339,10,0.57914,0.57968,42.66091,0.2307
1247570,10,0.57927,0.5806,42.52181,0.1828
1258400,10,0.57963,0.58092,42.92791,0.2199
1282966,10,0.58012,0.58072,42.53997,0.1635
1847028,10,0.58021,0.58138,42.52612,0.3153
1252810,10,0.58026,0.5814,42.6384,0.1458
1435033,10,0.5804,0.58096,42.79653,0.1761
1501158,10,0.58049,0.58162,42.78665,0.303
1255382,10,0.58055,0.58171,42.52955,0.1641
1340470,10,0.58057,0.58187,42.66228,0.1513
1262055,10,0.58072,0.5813,42.76817,0.1815
1770225,10,0.58074,0.582,42.76376,0.1902
1927254,10,0.58091,0.5815,43.01823,0.1849
1533035,10,0.58117,0.58247,42.80828,0.1796
1304652,10,0.58126,0.5824,42.64917,0.1477
1314162,10,0.58141,0.58267,42.66271,0.1522
1487055,10,0.58196,0.58308,42.8498,0.2149
1263580,10,0.58276,0.58393,42.64332,0.2095
1336384,10,0.58306,0.58439,42.75765,0.1686
1315191,10,0.58357,0.58471,42.71024,0.1477
1770206,10,0.58411,0.58524,42.4584,0.146
1300531,10,0.58454,0.58567,42.85836,0.1807
1338485,10,0.58466,0.58582,42.73675,0.1373
1265990,10,0.58574,0.58691,42.60893,0.2047
1256819,10,0.58576,0.58701,42.72917,0.1696
1334265,10,0.58586,0.58646,42.72307,0.219
1331719,10,0.58627,0.5874,42.6563,0.2102
1302572,10,0.5874,0.58858,42.67107,0.1344
1848092,10,0.5877,0.58883,42.70658,0.152
1257129,10,0.58817,0.58932,42.4876,0.1736
1294971,10,0.58822,0.58877,42.97461,0.1829
1303118,10,0.58838,0.58967,42.82734,0.2545
1302073,10,0.58845,0.589,42.64079,0.199
1255657,10,0.58881,0.59011,43.08574,0.1983
1333576,10,0.58893,0.59011,42.58421,0.2949
1370806,10,0.58895,0.5895,42.90569,0.1847
1324536,10,0.58899,0.58955,42.96694,0.233
1321261,10,0.58936,0.59069,42.37372,0.1585
1575072,10,0.59028,0.59156,42.72133,0.1389
1946322,10,0.59043,0.59098,42.75858,0.1313
1253997,10,0.59079,0.59134,42.62793,0.1658
1260639,10,0.59141,0.59196,42.58001,0.207
1896244,10,0.59156,0.59211,43.15886,0.2089
1879187,10,0.59157,0.59271,42.73633,0.1998
1299439,10,0.59158,0.59271,42.86835,0.1595
1595110,10,0.59269,0.59325,42.7093,0.1621
1889226,10,0.59276,0.59338,42.35345,0.1767
1625059,10,0.59279,0.59391,42.88319,0.186
1392367,10,0.59349,0.59463,43.05236,0.2242
1264083,10,0.5939,0.59502,42.73246,0.1523
1290191,10,0.59506,0.59567,42.39187,0.2198
1319653,10,0.59552,0.59613,42.64435,0.1477
1433226,10,0.59618,0.5975,42.72123,0.232
1309051,10,0.59629,0.59756,42.50344,0.1896
1252313,10,0.59692,0.59808,42.71901,0.1295
1341423,10,0.5971,0.59825,42.47573,0.1422
1258591,10,0.5975,0.5988,42.53003,0.2337
1251126,10,0.59788,0.59845,42.74016,0.122
1261236,10,0.59789,0.5985,42.49326,0.2054
1500076,10,0.59892,0.60024,42.69531,0.1618
1290323,10,0.59909,0.59969,42.44629,0.1996
1338223,10,0.59952,0.60072,42.65104,0.1724
1339220,10,0.59992,0.60052,42.91367,0.1758
1450127,10,0.60009,0.60139,42.74341,0.1856
1336953,10,0.60013,0.60141,42.70069,0.1976
1876301,10,0.60073,0.60195,42.81219,0.2189
1305873,10,0.60092,0.60153,42.82088,0.1811
1292800,10,0.60097,0.60225,42.39938,0.2336
1338233,10,0.60148,0.60279,42.9279,0.1846
1255545,10,0.60182,0.60314,42.56788,0.1367
1259330,10,0.60243,0.60357,42.86699,0.2111
1674022,10,0.60262,0.60394,42.53555,0.1635
1265260,10,0.60311,0.6044,42.50027,0.2708
1574019,10,0.60433,0.60551,42.46616,0.1094
1303314,10,0.60491,0.6062,42.96858,0.2724
1252199,10,0.60498,0.6056,42.70593,0.1852
1864084,10,0.60535,0.60665,42.74226,0.144
1254889,10,0.60551,0.60613,42.81646,0.1438
1335585,10,0.60557,0.60687,42.89637,0.2197
1549078,10,0.60558,0.60616,42.81212,0.2289
1335387,10,0.60582,0.60642,42.6403,0.148
1335564,10,0.60619,0.6075,42.81482,0.1525
1306059,10,0.60631,0.6076,42.86798,0.1889
1839117,10,0.60674,0.608,42.72056,0.1509
1641368,10,0.60706,0.60833,43.00297,0.2155
1335675,10,0.60735,0.60791,42.69747,0.148
1293046,10,0.60736,0.60863,42.93457,0.2045
1929034,10,0.60827,0.60889,42.60951,0.1606
1246334,10,0.60861,0.60919,41.73631,111.8637
1306110,10,0.60864,0.60994,42.60705,0.1301
1320843,10,0.60874,0.60989,42.88274,0.1955
1531033,10,0.60888,0.61002,42.99034,0.2209
1770680,10,0.60911,0.61041,42.56791,0.1432
1340132,10,0.60943,0.61054,42.75672,0.2018
1298246,10,0.60946,0.61058,42.58711,0.1502
1301397,10,0.60955,0.61076,43.02617,0.1745
1298763,10,0.6096,0.61093,43.03339,0.2105
1602033,10,0.60967,0.61096,42.78596,0.1441
1297377,10,0.60981,0.61044,42.53459,0.2067
1316461,10,0.60984,0.61047,42.5769,0.1908
1936215,10,0.61011,0.61124,42.72967,0.1579
1431108,10,0.61052,0.61115,42.67059,0.1482
1261144,10,0.61069,0.61126,42.69645,0.1609
1443078,10,0.61096,0.61215,43.1088,0.1828
1329365,10,0.61101,0.6123,42.93007,0.1545
1413048,10,0.61122,0.61185,42.80998,0.2355
1959025,10,0.61137,0.61194,43.19188,0.2409
1644180,10,0.61154,0.6122,42.84893,0.144
1332008,10,0.61156,0.61272,43.01242,0.2138
1904321,10,0.61177,0.61233,42.95593,0.1969
1289470,10,0.61207,0.61268,42.51588,0.2167
1534078,10,0.61224,0.61356,42.72037,0.1798
1315570,10,0.61273,0.61334,42.81293,0.128
1644061,10,0.61287,0.61349,42.50418,0.2021
1332594,10,0.61302,0.61365,43.60052,184.5903
1338649,10,0.61327,0.61443,43.07674,0.1973
1262803,10,0.61343,0.6147,43.09117,0.23
1891030,10,0.61377,0.61497,42.9921,0.1856
1296781,10,0.61378,0.61508,43.30679,173.2456
1257905,10,0.61393,0.61509,42.74788,0.1512
1849276,10,0.61412,0.61542,42.97053,0.1868
1258433,10,0.61445,0.61572,43.08686,0.2462
1331925,10,0.61496,0.61628,42.819,0.2321
1311113,10,0.61533,0.61596,42.81473,0.148
1316626,10,0.61601,0.61667,42.83136,0.1934
1305219,10,0.61633,0.61748,42.99796,0.1637
1387162,10,0.6175,0.61809,43.1957,0.1989
1300084,10,0.61843,0.61958,43.07014,0.2492
1261163,10,0.61854,0.61917,42.72636,0.2843
1812092,10,0.6187,0.61933,42.20088,0.3991
1331883,10,0.61882,0.62011,42.94493,0.2316
1305409,10,0.61935,0.62066,42.71444,0.1625
1256335,10,0.61939,0.6207,42.92372,0.1837
1256807,10,0.61943,0.62074,42.62422,0.2218
1594042,10,0.61981,0.62112,42.93407,0.1523
1338849,10,0.62002,0.62065,42.92772,0.1712
1260463,10,0.62023,0.62154,42.85226,0.2188
1301915,10,0.62043,0.62104,43.1453,0.2335
1334253,10,0.62076,0.62135,42.9675,0.2001
1258249,10,0.62104,0.62237,42.88673,0.195
1498017,10,0.62127,0.62246,42.96494,5.294
1261456,10,0.62162,0.62298,42.90798,0.1512
1579110,10,0.62217,0.62336,43.00674,0.1841
1335818,10,0.62253,0.62317,42.74949,0.2007
1598039,10,0.62292,0.62354,42.94654,0.1928
1267094,10,0.62318,0.6238,42.80918,0.133
1332632,10,0.6232,0.62383,42.58487,0.1601
1904061,10,0.62336,0.6247,42.88673,0.1476
1849109,10,0.62398,0.6253,42.64063,0.1168
1255130,10,0.62411,0.62529,43.01173,0.1665
1899029,10,0.62411,0.62548,42.79865,0.1266
1431118,10,0.62468,0.62531,42.92618,0.3017
1833321,10,0.6248,0.62542,42.93252,0.1964
1258118,10,0.62518,0.62638,42.89584,0.1637
1916193,10,0.62565,0.62696,42.90373,0.216
1280762,10,0.62617,0.62682,43.14596,0.2244
1302901,10,0.62618,0.62737,43.1766,0.185
1251114,10,0.62632,0.62692,42.8727,0.1309
1392329,10,0.62654,0.62775,42.87127,0.141
1321116,10,0.62684,0.62816,42.80719,0.1715
1310073,10,0.62703,0.62819,42.89849,0.1438
1891107,10,0.62735,0.6287,42.69856,0.1455
1334858,10,0.62737,0.628,43.03721,0.2715
1305687,10,0.6274,0.62859,43.23335,0.1534
1295417,10,0.62753,0.62884,42.8193,0.3917
1294667,10,0.62818,0.6295,42.87617,0.2031
1370308,10,0.62863,0.62927,42.98062,0.225
1315832,10,0.6291,0.62968,42.85659,0.2075
1590044,10,0.62931,0.63048,42.92056,0.1417
1380034,10,0.62935,0.63065,43.70945,206.052
1375087,10,0.62952,0.63016,42.99013,0.1741
1251603,10,0.63033,0.63165,42.94051,0.2153
1311001,10,0.63094,0.63159,42.93812,0.1931
1280790,10,0.63211,0.63278,42.82135,0.2085
1559147,10,0.63231,0.6336,42.72051,0.1986
1314289,10,0.63264,0.63328,43.27999,0.253
1442085,10,0.63355,0.63476,43.06881,0.1873
1330642,10,0.63391,0.63521,42.71695,0.1534
1880486,10,0.63407,0.63527,43.17363,0.1741
1313177,10,0.63498,0.6362,42.88847,0.1606
1304183,10,0.63502,0.63618,42.76987,0.1632
1290812,10,0.63503,0.63566,42.72109,0.2567
1297580,10,0.63561,0.63626,43.05697,0.1813
1900801,10,0.63579,0.63644,44.55917,296.596
1249304,10,0.63681,0.63802,42.80446,0.1265
1546021,10,0.63706,0.63766,42.5523,0.1894
1340460,10,0.63779,0.63843,42.93931,0.1648
1343871,10,0.63786,0.639,42.90786,0.1602
1292316,10,0.63883,0.64005,42.68064,134.0125
1528034,10,0.6389,0.64009,42.93321,0.1807
1892149,10,0.64025,0.64141,42.80521,0.1279
1311631,10,0.64039,0.64177,43.19782,0.1747
1500086,10,0.64129,0.64266,42.76714,0.1555
1810306,10,0.6413,0.64245,42.99211,0.1667
1578063,10,0.64298,0.64434,43.27022,0.1724
1250397,10,0.64304,0.64442,42.83351,0.1294
1308568,10,0.64304,0.64442,42.6528,0.1564
1904352,10,0.64337,0.64396,43.1229,0.2438
1296793,10,0.64392,0.64526,42.96751,0.1528
1257839,10,0.64421,0.64538,42.90481,0.1699
1317496,10,0.64429,0.64554,43.22859,0.2012
1420185,10,0.64453,0.64519,43.03445,0.2129
1880513,10,0.64458,0.64577,42.87458,0.1341
1878612,10,0.64488,0.64605,42.49207,0.1502
1452065,10,0.64509,0.64645,42.68781,0.14
1302719,10,0.64527,0.64645,43.20672,0.1568
1876263,10,0.64639,0.64763,42.94172,0.2904
1473025,10,0.64649,0.64709,42.89316,0.1705
1305946,10,0.64663,0.648,43.08081,0.1812
1282463,10,0.64685,0.64804,42.80618,0.1611
1879188,10,0.64727,0.64846,42.96769,0.1322
1899158,10,0.64747,0.64881,42.76015,0.1633
1370402,10,0.64766,0.64833,42.86987,0.1476
1336693,10,0.64795,0.64929,42.77065,0.1157
1339102,10,0.64795,0.64929,43.25548,0.1521
1338266,10,0.64845,0.6498,43.14929,0.1259
1296671,10,0.64852,0.64986,42.94256,0.1422
1334707,10,0.64922,0.64989,42.87882,0.1499
1255139,10,0.64989,0.65054,42.96679,0.2032
1336925,10,0.64997,0.65056,42.82085,0.1852
1297064,10,0.65045,0.65109,43.02514,0.1922
1370898,10,0.65069,0.65193,43.15962,0.169
1391191,10,0.65069,0.65126,43.3449,0.1943
1928108,10,0.6508,0.6521,43.88382,269.5857
1249342,10,0.65098,0.65218,42.63731,0.1312
1340125,10,0.65134,0.65254,43.27854,0.2009
1265578,10,0.65135,0.65197,42.83047,0.2115
1309551,10,0.65135,0.65259,43.25646,0.2268
1281135,10,0.65195,0.65254,42.53804,0.1388
1263090,10,0.65206,0.65341,42.78853,0.1424
1575019,10,0.65214,0.65338,42.80971,0.1503
1303753,10,0.65242,0.65363,42.9582,0.1411
1342707,10,0.65243,0.65375,42.99022,0.1392
1559124,10,0.65253,0.65311,42.81356,0.1429
1890041,10,0.65258,0.6538,42.90508,0.1588
1533036,10,0.65325,0.65446,43.39668,0.1993
1340521,10,0.65356,0.65415,43.0426,0.1412
1261587,10,0.65387,0.65455,42.85569,0.1565
1331707,10,0.65395,0.65516,43.22408,0.1429
1340141,10,0.65405,0.65523,43.16935,0.1479
1257216,10,0.65434,0.65557,42.93368,0.1345
1833564,10,0.65461,0.65526,42.87566,0.23
1284567,10,0.65483,0.65602,42.79729,0.15
1263039,10,0.65514,0.6565,42.93665,0.1687
1643213,10,0.65526,0.6559,43.03976,0.1831
1370113,10,0.65553,0.65674,42.91029,0.138
1920457,10,0.65573,0.65692,43.07736,0.1399
1574028,10,0.65589,0.65712,43.08029,0.1892
1300590,10,0.65633,0.6577,42.77199,0.1199
1370391,10,0.65692,0.65749,42.81892,0.1397
1287883,10,0.65718,0.65842,42.82373,0.1896
1296173,10,0.65763,0.65898,42.73804,0.2801
1564017,10,0.65792,0.65916,43.04337,0.1608
1430255,10,0.65806,0.65938,42.82157,0.1541
1304991,10,0.65866,0.65984,42.98593,0.1462
1259667,10,0.65871,0.65939,43.30961,0.194
1390173,10,0.65875,0.65938,43.17347,0.1778
1334686,10,0.65904,0.6604,42.93731,0.1523
1333949,10,0.65927,0.66047,42.92479,0.1522
1642138,10,0.65971,0.66033,43.01035,0.149
1319776,10,0.6598,0.6604,43.19205,0.178
1314709,10,0.65988,0.66048,43.01096,0.1669
1318847,10,0.65992,0.66107,43.05109,0.1537
1263852,10,0.66083,0.66144,42.98736,0.2043
1261191,10,0.66147,0.66212,42.92792,0.0409
1639025,10,0.6619,0.6631,42.92854,0.1186
1434258,10,0.66195,0.6626,43.02057,0.2122
1286337,10,0.66296,0.66422,42.74686,0.1906
1264038,10,0.66362,0.66425,42.84266,0.1586
1310475,10,0.66375,0.66511,42.9394,0.1237
1314369,10,0.66386,0.6652,43.3965,0.2135
1910032,10,0.66455,0.66579,43.06804,0.1832
1945100,10,0.6646,0.66526,43.52627,222.1539
1340751,10,0.6648,0.66614,43.77146,268.536
1250823,10,0.66487,0.66553,43.14936,0.2147
1905127,10,0.66579,0.66712,43.29871,0.1532
1252939,10,0.66666,0.668,42.88121,0.136
1255423,10,0.66681,0.66801,42.74467,0.1205
1303658,10,0.66788,0.66912,42.89247,0.1446
1319058,10,0.66811,0.66951,42.93625,0.1487
1310304,10,0.66881,0.6702,43.16653,0.1467
1370247,10,0.66882,0.67022,43.04782,0.123
1250916,10,0.66948,0.6708,42.86417,0.1475
1295794,10,0.67098,0.67164,43.00473,0.2607
1326299,10,0.67382,0.67448,43.30403,0.1937
1260645,10,0.67405,0.67462,43.05539,0.1608
1290593,10,0.67528,0.67594,43.16126,0.2832
1329168,10,0.67651,0.67717,42.84811,0.1619
1548070,10,0.67651,0.67716,43.04567,0.1873
1296919,10,0.67698,0.67832,43.11889,0.2062
1531078,10,0.67713,0.67847,43.29721,0.1426
1257973,10,0.67746,0.67863,42.99288,0.1796
1336599,10,0.67747,0.67813,42.91771,0.3624
1319667,10,0.67756,0.67818,42.94647,0.132
1311151,10,0.67765,0.6783,43.07834,0.2179
1302738,10,0.67783,0.679,43.0151,0.1593
1908493,10,0.67829,0.67963,43.66497,298.7541
1310916,10,0.67923,0.67983,42.76458,0.1263
1795052,10,0.67924,0.68058,42.81345,0.158
1332795,10,0.67984,0.68047,43.19576,0.1813
1334257,10,0.68005,0.68067,42.83564,0.128
1560099,10,0.68006,0.68072,43.16714,0.2156
1263130,10,0.68017,0.68084,42.81778,0.2203
1927203,10,0.68069,0.68132,43.08039,0.1459
1264606,10,0.6811,0.68176,42.98488,0.1629
1330559,10,0.68131,0.68194,43.28465,0.1929
1311884,10,0.68136,0.68269,42.92828,0.1595
1256596,10,0.68138,0.68203,43.19335,0.1633
1320030,10,0.68141,0.68207,43.02137,0.1831
1901241,10,0.68144,0.68264,43.13494,0.1237
1277710,10,0.68179,0.68245,43.09853,0.1757
1333489,10,0.68179,0.68244,43.24179,0.1762
1346627,10,0.68193,0.68257,43.02045,0.1539
1876304,10,0.68233,0.68356,43.52016,0.1734
1433108,10,0.68283,0.68403,43.29628,0.1576
1299090,10,0.68339,0.68474,43.0735,0.1394
1295509,10,0.68363,0.68428,42.92092,0.1719
1341743,10,0.68422,0.68487,43.01879,0.1585
1251022,10,0.68428,0.6849,42.91859,0.1182
1433114,10,0.68438,0.68506,43.04141,0.2285
1303910,10,0.68456,0.68577,43.28773,0.1919
1509040,10,0.68507,0.68629,43.0748,0.1739
1900124,10,0.68533,0.68669,43.37393,0.1532
1308589,10,0.68576,0.68643,42.60976,0.359
1642178,10,0.68673,0.6874,42.97455,0.1554
1896213,10,0.68688,0.68757,42.9114,0.2067
1642158,10,0.687,0.68826,43.16049,0.1535
1588019,10,0.68766,0.68831,42.94386,0.1563
1950043,10,0.68828,0.68891,43.13319,0.161
1861474,10,0.68966,0.691,42.99482,0.1428
1305308,10,0.68972,0.69112,43.24206,0.1522
1311496,10,0.69066,0.69188,43.44719,0.1661
1313434,10,0.69071,0.69194,43.13108,0.1489
1310236,10,0.69085,0.69211,43.36529,0.1269
1250120,10,0.69088,0.69207,43.13777,0.1207
1255730,10,0.69107,0.69242,43.45652,0.3612
1320009,10,0.69164,0.69229,43.21584,0.1743
1592067,10,0.69191,0.69314,43.03551,0.127
1333442,10,0.69209,0.69344,42.99,0.2034
1299033,10,0.69226,0.69363,43.15751,0.1403
1487043,10,0.69226,0.69363,42.96967,0.1662
1340253,10,0.69261,0.6938,43.04964,0.1527
1252917,10,0.69277,0.6941,43.12737,0.2459
1316853,10,0.69304,0.69445,43.0704,0.1133
1370181,10,0.6931,0.69446,43.15907,0.188
1277716,10,0.69313,0.69377,43.02789,0.1923
1590133,10,0.69362,0.69426,43.44089,0.2999
1332709,10,0.69371,0.69431,43.33734,0.1673
1333248,10,0.69395,0.69519,42.90746,0.1419
1260105,10,0.6941,0.6955,43.14792,0.1349
1645208,10,0.69516,0.69581,43.15819,0.1696
1449102,10,0.6983,0.69896,43.28168,0.2385
1299190,10,0.69836,0.69974,43.12605,0.1845
1387174,10,0.69842,0.699,42.95633,0.1275
1260954,10,0.69873,0.69994,43.06474,0.1572
1373123,10,0.69879,0.7002,43.33194,0.1436
1904287,10,0.69904,0.69973,43.43597,0.1802
1279714,10,0.69938,0.70074,43.57289,0.2763
1250950,10,0.70099,0.70234,43.05299,0.1768
1324062,10,0.70325,0.7039,43.60504,255.9629
1307261,10,0.70351,0.70487,42.91779,0.1562
1254150,10,0.70417,0.70484,43.09897,0.1584
1314296,10,0.70426,0.70561,43.20803,0.1571
1559051,10,0.7051,0.70648,43.09978,0.1592
1952075,10,0.70525,0.7066,43.34021,0.2047
1262895,10,0.70548,0.70615,42.95925,0.2643
1891055,10,0.70652,0.70781,43.36649,0.1779
1891266,10,0.70836,0.70905,43.14275,0.3111
1289812,10,0.70875,0.71009,43.38242,0.2164
1647048,10,0.70882,0.71023,43.11406,0.1312
1265623,10,0.70978,0.71045,43.40826,0.2022
1301142,10,0.71139,0.71266,43.15216,0.137
1563063,10,0.71552,0.71612,43.23435,0.1639
1341556,10,0.71584,0.71721,43.44481,0.1474
1340493,10,0.71719,0.71784,43.14355,0.1559
1432102,10,0.71803,0.71926,43.11022,0.1901
1330995,10,0.71827,0.71965,43.32792,0.1286
1894320,10,0.7188,0.71945,43.29152,0.166
1311903,10,0.71912,0.72049,43.19424,0.2048
1433040,10,0.71949,0.72012,42.9925,0.145
1331993,10,0.71961,0.721,43.27996,0.1991
1338665,10,0.72062,0.72199,43.30862,0.2018
1646092,10,0.7207,0.7213,43.45301,0.1924
1277995,10,0.72199,0.72265,42.90227,0.3024
1308529,10,0.72212,0.72352,43.30392,0.2507
1306067,10,0.7222,0.7228,43.01877,0.1089
1312818,10,0.72292,0.72355,43.31795,0.1427
1701088,10,0.72403,0.72463,43.20605,0.1686
1900856,10,0.72416,0.72477,43.1593,0.1552
1335259,10,0.72701,0.72764,43.50631,0.2041
1263139,10,0.72737,0.72801,43.42614,0.1679
1890212,10,0.72776,0.72913,43.12438,0.1438
1319898,10,0.7286,0.72925,43.13384,0.1771
1299712,10,0.73064,0.73129,43.22599,0.1392
1297070,10,0.73069,0.73135,43.05247,0.168
1555053,10,0.73072,0.73139,43.30631,0.1456
1264689,10,0.73162,0.73303,43.24328,0.2076
1338718,10,0.73306,0.73429,43.41387,0.1285
1265644,10,0.73469,0.73534,43.38401,0.3149
1770254,10,0.7348,0.7362,43.22861,0.2379
1290043,10,0.73488,0.73556,43.27814,0.1854
1617030,10,0.73615,0.73681,43.19871,0.2303
1297490,10,0.73677,0.73743,43.19219,0.2383
1302185,10,0.73717,0.73783,43.39277,0.2572
1315947,10,0.73781,0.73849,43.12842,0.1531
1692030,10,0.73802,0.73942,42.96655,0.2004
1280807,10,0.73899,0.73965,43.33248,0.2026
1252822,10,0.73927,0.7407,43.30297,0.1273
1309376,10,0.74009,0.74073,43.42073,0.1588
1307783,10,0.74061,0.7413,43.58119,0.2452
1700109,10,0.74119,0.74189,43.5003,0.2446
1304841,10,0.74126,0.74249,43.48113,0.1829
1260522,10,0.74133,0.74274,43.39906,0.1639
1296802,10,0.74392,0.74534,43.13182,0.1725
1317372,10,0.74393,0.74535,43.2347,0.1831
1537077,10,0.7445,0.74518,43.10547,0.2244
1257605,10,0.74535,0.74605,43.18219,0.179
1898252,10,0.74571,0.74631,43.16479,0.1228
1250882,10,0.74658,0.74728,43.44188,6.7654
1295800,10,0.74855,0.74924,43.4209,0.2713
1864046,10,0.7487,0.74939,43.61985,0.214
1337549,10,0.74877,0.74939,43.45196,0.1508
1302027,10,0.74899,0.74959,43.26925,0.1639
1251409,10,0.74963,0.75092,43.34886,0.1199
1933196,10,0.75011,0.75074,43.12881,0.1337
1488098,10,0.75076,0.75217,43.23451,0.1617
1310964,10,0.75147,0.7521,43.43784,0.171
1302550,10,0.75249,0.75391,43.13267,0.1703
1380167,10,0.75331,0.75399,43.16429,0.1731
1929022,10,0.75356,0.7542,43.51644,0.148
1293028,10,0.75366,0.75509,43.26171,0.6832
1304506,10,0.75421,0.75488,43.43701,0.1753
1308453,10,0.75572,0.75712,43.51615,0.2293
1263788,10,0.75729,0.75796,43.40246,0.4836
1536112,10,0.75888,0.75956,43.36227,0.1504
1552143,10,0.75991,0.76058,43.31795,0.1348
1304362,10,0.76177,0.76303,43.54985,0.1725
1330350,10,0.76303,0.76374,43.38159,0.1797
1302399,10,0.76495,0.76565,43.35806,335.5034
1249178,10,0.76517,0.76649,43.48166,0.1567
1700105,10,0.76518,0.76588,43.30284,266.7506
1881037,10,0.76584,0.76652,43.39145,0.1608
1904182,10,0.76657,0.76798,43.25469,0.2514
1576034,10,0.76675,0.768,43.62563,0.1375
1251645,10,0.76679,0.7682,43.5274,0.2073
1303881,10,0.77004,0.77131,43.35937,0.1482
1280135,10,0.77082,0.7715,43.4342,0.1822
1323740,10,0.77137,0.77207,43.25245,0.1765
1251652,10,0.77155,0.77295,43.30358,0.1713
1303257,10,0.77159,0.77301,43.61245,0.264
1339327,10,0.7725,0.77378,43.44308,0.1481
1310178,10,0.77262,0.77389,43.45688,0.1248
1259589,10,0.77327,0.77474,43.49687,0.1462
1338940,10,0.77334,0.77404,43.6523,0.228
1307073,10,0.77464,0.77594,43.27274,0.1849
1309215,10,0.77464,0.77536,43.13337,0.1732
1316487,10,0.77627,0.77696,43.85273,0.3073
1330403,10,0.7765,0.77713,43.29712,0.1202
1262899,10,0.77692,0.77759,43.04164,372.266
1250852,10,0.77725,0.77796,43.37835,0.1483
1889155,10,0.77826,0.77966,43.09666,0.2862
1590122,10,0.77952,0.78017,43.3866,0.1256
1861451,10,0.78049,0.7819,43.1707,0.1443
1652139,10,0.78266,0.78334,43.41133,0.1738
1948295,10,0.78324,0.78386,43.69805,0.1348
1833468,10,0.78375,0.78516,43.54682,0.4519
1331887,10,0.78398,0.78539,43.2028,0.1916
1343542,10,0.78512,0.78644,43.03054,0.1291
1318158,10,0.78604,0.78733,43.58471,0.1448
1250454,10,0.78734,0.7888,43.57536,0.136
1320474,10,0.78842,0.78908,43.38943,0.1471
1856065,10,0.78892,0.79034,43.81522,0.3133
1255501,10,0.78956,0.79103,43.47114,0.121
1434262,10,0.78964,0.79106,43.30747,0.1375
1254566,10,0.79118,0.79259,43.61294,0.2029
1332701,10,0.79167,0.79232,43.32008,0.1194
1302705,10,0.79229,0.79358,43.39748,0.1293
1347112,10,0.79318,0.79389,43.28547,0.2443
1891070,10,0.79348,0.79478,43.617,0.1197
1409129,10,0.79364,0.79436,43.4061,0.2116
1271436,10,0.79511,0.79583,43.33284,0.1637
1290176,10,0.7953,0.79602,43.37373,0.242
1303699,10,0.79547,0.79621,43.28644,0.1709
1325191,10,0.7981,0.79883,43.56898,0.3042
1265349,10,0.79939,0.80084,43.43079,0.2117
1535064,10,0.80078,0.8022,43.6954,0.1825
1385052,10,0.80106,0.8025,43.56228,0.1572
1299258,10,0.80109,0.80255,43.35374,0.1474
1502132,10,0.80181,0.80326,43.60623,0.2247
1551083,10,0.80301,0.80373,43.61299,0.2177
1579146,10,0.80325,0.80472,43.3846,0.1381
1334321,10,0.80326,0.80454,43.2821,0.1337
1367180,10,0.80342,0.80489,43.40055,0.1537
1330970,10,0.80669,0.80736,43.42993,0.1487
1280113,10,0.8086,0.80993,43.79852,0.1691
1309696,10,0.80954,0.81086,43.72414,0.1434
1315974,10,0.81174,0.81246,43.55813,0.2209
1642117,10,0.81237,0.81384,43.49664,0.1821
1293832,10,0.81325,0.81398,43.34781,0.1574
1252595,10,0.8133,0.814,43.78931,0.3175
1600036,10,0.81396,0.8153,43.61778,0.1746
1898053,10,0.81485,0.81614,43.63286,0.1297
1300777,10,0.81684,0.8183,43.36027,0.1433
1260427,10,0.8175,0.81895,43.47237,0.145
1339291,10,0.8179,0.81924,43.81001,0.1409
1255824,10,0.81852,0.82,43.47335,0.2312
1330599,10,0.81932,0.8208,43.58242,0.3119
1250980,10,0.81967,0.82115,43.7722,0.1858
1879412,10,0.81984,0.82132,43.5881,0.1897
1339227,10,0.82081,0.82152,43.44984,0.1513
1251618,10,0.82172,0.82318,43.89282,0.1877
1258529,10,0.82394,0.82542,43.78838,0.2611
1341271,10,0.82584,0.82656,43.55253,0.2217
1645145,10,0.82627,0.82775,43.64768,0.1413
1334581,10,0.82736,0.82885,43.32314,0.2211
1336957,10,0.82961,0.83031,43.43182,0.1454
1341227,10,0.83036,0.83108,43.41606,0.1466
1246791,10,0.83066,0.83213,43.27814,0.1841
1936293,10,0.83168,0.8324,43.83167,0.1692
1305541,10,0.83293,0.83438,43.46667,0.1424
1252918,10,0.83583,0.83727,43.68398,0.1535
1390345,10,0.83592,0.83741,43.72583,0.2143
1411114,10,0.83706,0.83777,43.66835,0.1415
1861472,10,0.83776,0.83925,43.6059,0.2588
1581017,10,0.83813,0.83888,43.80318,0.2422
1826039,10,0.83916,0.83988,43.5568,0.2421
1946246,10,0.83936,0.84007,43.65009,0.3847
1876462,10,0.83954,0.841,43.85502,0.4013
1253972,10,0.84019,0.8409,43.26195,257.0256
1257646,10,0.84094,0.84169,43.58194,0.2724
1872097,10,0.84132,0.84207,43.72978,0.3452
1322975,10,0.84634,0.84705,43.90282,0.2792
1253871,10,0.8478,0.8493,44.05907,0.4037
1508029,10,0.85279,0.8535,43.59824,0.2624
1253857,10,0.85652,0.858,43.7311,0.2627
1260459,10,0.85674,0.85824,43.53096,0.1923
1250858,10,0.85707,0.85778,43.69555,0.2935
1338749,10,0.85806,0.85956,43.42559,0.2511
1260461,10,0.85855,0.86005,43.68131,0.2528
1295291,10,0.86179,0.86329,43.90745,0.3057
1479130,10,0.8624,0.8639,43.52442,0.2499
1296161,10,0.86243,0.86394,43.85584,0.2481
1297532,10,0.86461,0.86532,43.50443,0.2376
1912270,10,0.86642,0.86715,43.98461,468.0108
1551108,10,0.86647,0.868,44.1604,0.2643
1317956,10,0.86917,0.87068,43.74519,0.3297
1302199,10,0.87001,0.87076,43.37453,0.1886
1295550,10,0.8727,0.87345,43.83427,0.4223
1778026,10,0.87344,0.87417,43.76997,0.2501
1912066,10,0.87344,0.87417,43.6187,0.1963
1342580,10,0.87472,0.87622,43.35891,0.1899
1879483,10,0.87565,0.87716,43.42748,0.1315
1250896,10,0.87971,0.8812,43.79315,0.1846
1817265,10,0.87998,0.88074,44.24023,0.691
1456020,10,0.88189,0.8834,43.87985,0.2923
1262231,10,0.88314,0.88385,43.70035,0.2346
1371111,10,0.88352,0.885,43.66049,0.1503
1878692,10,0.8845,0.886,43.81837,0.2247
1295527,10,0.88491,0.88568,43.55987,0.2039
1252237,10,0.8858,0.88655,43.80242,0.9842
1253761,10,0.89441,0.89595,44.18718,0.211
1936125,10,0.8953,0.89603,43.42454,0.1775
1402076,10,0.89611,0.89762,44.02033,200.7308
1372115,10,0.89842,0.89915,44.01759,0.2017
1305486,10,0.89888,0.9004,43.64144,0.1467
1253816,10,0.90824,0.90975,44.03794,0.1935
1246650,10,0.90888,0.91042,43.96676,0.1778
1595118,10,0.90941,0.91014,43.44688,0.2021
1904300,10,0.91082,0.91159,44.00974,0.2397
1299266,10,0.91289,0.9144,43.94543,0.1776
1901832,10,0.91696,0.91849,43.81609,0.2238
1255737,10,0.91896,0.92049,43.99813,0.273
1307843,10,0.92146,0.9222,44.15716,0.307
1346612,10,0.92274,0.92348,44.05509,0.2459
1252926,10,0.92427,0.92582,43.53843,0.1469
1339176,10,0.92537,0.92613,44.62596,0.341
1309227,10,0.92576,0.92649,44.13871,0.1988
1892072,10,0.92838,0.92912,43.72325,3.8474
1617068,10,0.93075,0.9323,43.84946,0.1804
1370441,10,0.93733,0.93806,43.89162,0.1592
1262782,10,0.94444,0.94602,43.77582,0.2108
1252620,10,0.95299,0.95453,43.72467,0.1978
1256028,10,0.95521,0.95596,43.94157,0.2143
1395159,10,0.9569,0.95845,44.31416,0.1857
1339246,10,0.95791,0.95867,44.56228,0.266
1309509,10,0.96296,0.96373,44.11193,0.212
1250803,10,0.96329,0.96406,44.13386,0.2209
1339276,10,0.96363,0.96519,43.79246,0.1456
1254108,10,0.96689,0.96764,44.14888,0.1884
1339232,10,0.96859,0.96937,43.72233,0.1471
1252183,10,0.97242,0.97319,44.20208,0.1696
1252665,10,0.97489,0.97567,44.18118,0.2045
1559048,10,0.98,0.98157,44.12,0.2005
1255798,10,0.98024,0.981,44.02836,0.1688
1299327,10,0.98158,0.98316,43.88271,0.1318
1252671,10,0.98536,0.98614,43.86467,0.1246
1901899,10,0.98846,0.98922,44.16508,0.1691
1935095,10,0.99268,0.99427,43.88061,0.1729
1447146,10,1.00009,1.00089,44.24308,0.3059
1309870,10,1.01382,1.01459,44.17186,0.2347
1435094,10,1.017,1.01778,43.92261,0.1354
1430116,10,1.02144,1.02222,44.16439,0.178
1257228,10,1.02433,1.02514,44.01661,176.3295
1303722,10,1.02468,1.02547,44.35374,0.1895
1263125,10,1.02868,1.02947,44.24721,0.1766
1901375,10,1.03222,1.033,44.28814,0.1421
1924188,10,1.04136,1.04215,43.97348,0.1353
1311921,10,1.04436,1.046,44.00793,0.228
1255169,10,1.0468,1.04763,43.91152,0.133
1337541,10,1.05479,1.05561,44.04047,0.2373
1263785,10,1.0642,1.06498,44.23028,0.1451
1842087,10,1.08349,1.0843,44.52159,0.1518
1339609,10,1.12132,1.12212,44.20175,0.1075
1446080,10,1.13057,1.1314,44.5271,0.1585
1257587,10,1.14418,1.14501,44.31733,0.1512